,Nr,URL,Title,Category,Subcategory,Saved,LastUpOn,Description,Zustand,FirstPrice,FirstAvailable,MinAmount,Location,Hersteller,Properties,FirstPriceNumeric,FirstAvailableNumeric,LastPriceNumeric,LastAvailableNumeric,LastPrice,LastAvailable,Sold,SoldAfter,Imagefile,material_emb,German_Raw,German_Code,first_level,second_level,third_level,SoldAfterDays,StockChange
2345,120836,https://restado.de/baustoff/daemmstoffteller/,Dämmstoffteller,Fassade,Fassadendämmung,2023-01-09,1673395200000.0,,,,,,,,,,,,,,,1.0,172800000.0,"['https://restado.de/wp-content/uploads/products/2023/02/368e5bec-img_20230119_132537-scaled.jpg', 'https://restado.de/wp-content/uploads/products/2023/02/e4f5e290-img_20230117_101621-scaled.jpg']",Silt,Sprigs,Pr_20_29_56_82,"Wall, Barriers, Pannels","Covering, Finish",Headwall and swale inlet products,2.0,
2346,120395,https://restado.de/baustoff/knauf-heraklith-tektalan-a2-150-mm-daemmung-steinwolle-holzwolle/,Knauf Heraklith Tektalan mm Dämmung Steinwolle / Holzwolle,Fassade,Fassadendämmung,2023-01-09,1673568000000.0,,,,,,,,,,,,,,,1.0,345600000.0,['https://restado.de/wp-content/uploads/products/2023/02/bdd54b31-tektalan.png'],Silt,Sprigs,Pr_20_29_56_82,"Wall, Barriers, Pannels","Covering, Finish",Headwall and swale inlet products,4.0,
2347,119859,https://restado.de/baustoff/isover-ultimate-fsp-031-mineralwolle/,Mineralwolle,Fassade,Fassadendämmung,2023-01-09,,"https://www.isover.de/produkte/ultimate-fsp-031-die-bessere-steinwolle-fassadendaemmplatte-der-vorgehaengten-hinterluefteten#techn-informationen  Nous vendons de la laine minérale résiduelle sur-appropriée, ce résidu après la construction du projet. De nouvelles palettes, qui n'ont pas été ouvertes. We are selling residual over-supplied mineral wool, that residual after the project was built. New pallets, that were not opened.",Neu,282€ / Pallet,11 Pallet verfügbar,(1 Pallet Mindestabnahme),F-77470 Poincy,Isover,"{""Material"": ""Glaswolle"", ""Wärmeleitgruppe"": ""031"", ""Anwendungsbereich"": ""Hinterlüftete Fassade"", ""Brandschutzklasse"": ""A1 (Nicht brennbar)"", ""Dämmstärke"": ""80 mm""}",282.0,11.0,282.0,11.0,282€ / Pallet,11 Pallet verfügbar,0.0,,['https://restado.de/wp-content/uploads/products/2023/02/1d867b9a-isover-fsp-031.png'],Silt,Sprigs,Pr_20_29_56_82,"Wall, Barriers, Pannels","Covering, Finish",Headwall and swale inlet products,,0.0
2348,117507,https://restado.de/baustoff/daemmplatten-neo-wall-180mm/,"Dämmplatten Neo Wall , mm",Fassade,Fassadendämmung,2023-01-09,, ,Neuwertig,"19,50€ (VB) / Paket",17 Paket verfügbar,(1 Paket Mindestabnahme),D-82402 Seeshaupt,Baumit,"{""Material"": ""EPS"", ""Wärmeleitgruppe"": ""032"", ""Anwendungsbereich"": ""Vollwärmeschutz"", ""Brandschutzklasse"": ""B1 (schwerentflammbar)"", ""Dämmstärke"": ""180 mm""}",19.5,17.0,19.5,17.0,"19,50€ (VB) / Paket",17 Paket verfügbar,0.0,,['https://restado.de/wp-content/uploads/products/2022/12/c2b9c18e-20221209_1328021-scaled.jpg'],Silt,Sprigs,Pr_20_29_56_82,"Wall, Barriers, Pannels","Covering, Finish",Headwall and swale inlet products,,0.0
2349,116961,https://restado.de/baustoff/sillatherm-daemmplatten/,Sillatherm Dämmplatten,Fassade,Fassadendämmung,2023-02-27,,"NEU UND ORIGINALVERPACKT 3 Paletten, entspricht 36 Platten=18 Quadratmeter Sillatherm WVP 1-035 Mineralwolle Dämmplatten mit einer Stärke von 200mm A1 nicht brennbar",Neu,690€ Paketpreis,3 Palette verfügbar,(3 Palette Mindestabnahme),D-81929 Munich,,{},690.0,3.0,690.0,3.0,690€ Paketpreis,3 Palette verfügbar,0.0,,"['https://restado.de/wp-content/uploads/products/2022/11/413fa022-whatsapp-image-2022-11-29-at-13.39.14-1.jpeg', 'https://restado.de/wp-content/uploads/products/2022/11/ea8fd182-whatsapp-image-2022-11-29-at-13.39.14.jpeg']",Silt,Sprigs,Pr_20_29_56_82,"Wall, Barriers, Pannels","Covering, Finish",Headwall and swale inlet products,,0.0
2350,111738,https://restado.de/baustoff/fischer-daemmstoffduebel-konvolut/,Fischer Dämmstoffdübel Konvolut,Fassade,Fassadendämmung,2023-01-09,,"Konvolut aus 146 Stück Dämmstoffdübel, Putzdübel Fischer 8/100 - 61 Stück 8/80 - 35 Stück 8/60 - 50 Stück Tellerbreite 6 cm neue ungenutzte Dübel - Baustellenrest, ohne Mängel  Ebenso haben wir noch einen kompletten Karton Fischer 8/100 mit 2100 Stück Inhalt, hierzu bitte getrennt anfragen, danke",Neu,22€ / Paket,1 Paket verfügbar,(1 Paket Mindestabnahme),D-94481 Grafenau,Fischer,{},22.0,1.0,22.0,1.0,22€ / Paket,1 Paket verfügbar,0.0,,"['https://restado.de/wp-content/uploads/products/2022/08/0613aae6-p1030348.jpg', 'https://restado.de/wp-content/uploads/products/2022/08/00c05948-p1030342.jpg']",Silt,Sprigs,Pr_20_29_56_82,"Wall, Barriers, Pannels","Covering, Finish",Headwall and swale inlet products,,0.0
2351,111361,https://restado.de/baustoff/fassadendaemmplatte-eps-032-180-mm/,Fassadendämmplatte mm,Fassade,Fassadendämmung,2023-01-09,,"Paketinhalt 1 m² = 2 Platten 100 cm x 50 cm  Maße und Gewicht Gewicht:	3,06 kg Höhe:	18,0 cm Breite:	50,0 cm Tiefe:	100,0 cm",Neu,18€ / m²,300 m² verfügbar,(1 m² Mindestabnahme),D-90559 Burgthann,,"{""Material"": ""EPS"", ""Wärmeleitgruppe"": ""032"", ""Anwendungsbereich"": ""Vollwärmeschutz"", ""Dämmstärke"": ""180 mm""}",18.0,300.0,18.0,300.0,18€ / m²,300 m² verfügbar,0.0,,[],Silt,Sprigs,Pr_20_29_56_82,"Wall, Barriers, Pannels","Covering, Finish",Headwall and swale inlet products,,0.0
2352,109960,https://restado.de/baustoff/rockwool-coverrock-2-2/,Rockwool Coverrock mm Steinwolle Fassadendämmatten,Fassade,Fassadendämmung,2023-01-09,,Verkaufe Rockwoll Coverrock WDVS Platten  15 qm original verpackt. Juni 2022 produziert.  200mm / 20cm   Kann ich Mannheim abgeholt werden.,Neu,450€ Paketpreis,15 Stück verfügbar,(15 Stück Mindestabnahme),D-68305 Mannheim,Rockwool,"{""Material"": ""Steinwolle"", ""Anwendungsbereich"": ""Vollwärmeschutz"", ""Brandschutzklasse"": ""A1 (Nicht brennbar)"", ""Dämmstärke"": ""200 mm""}",450.0,15.0,450.0,15.0,450€ Paketpreis,15 Stück verfügbar,0.0,,['https://restado.de/wp-content/uploads/products/2022/07/5813918d-img_20220709_125019-scaled.jpg'],Silt,Sprigs,Pr_20_29_56_82,"Wall, Barriers, Pannels","Covering, Finish",Headwall and swale inlet products,,0.0
2353,108578,https://restado.de/baustoff/rockwool-coverrock-2/,Rockwool Coverrock,Fassade,Fassadendämmung,2023-01-09,,Rockwool Coverrock 2 WDVS 160mm,Neu,875€ (VB) Paketpreis,35 m² verfügbar,(35 m² Mindestabnahme),D-40237 Düsseldorf,Rockwool ,{},875.0,35.0,875.0,35.0,875€ (VB) Paketpreis,35 m² verfügbar,0.0,,['https://restado.de/wp-content/uploads/products/2022/07/f7b0ef7f-6f74a100-3d97-4eea-9c5b-9106a8123cd4.jpeg'],Silt,Sprigs,Pr_20_29_56_82,"Wall, Barriers, Pannels","Covering, Finish",Headwall and swale inlet products,,0.0
2354,106040,https://restado.de/baustoff/sockelprofil-fuer-den-waermedaemmputz/,Sockelprofil für den Wärmedämmputz,Fassade,Fassadendämmung,2023-01-09,, ,Neu,14€ Paketpreis,7 Stück verfügbar,(7 Stück Mindestabnahme),D-90547 Stein,,"{""Material"": ""Holzweichfaserplatte"", ""Anwendungsbereich"": ""Vollwärmeschutz"", ""Dämmstärke"": ""50 mm""}",14.0,7.0,14.0,7.0,14€ Paketpreis,7 Stück verfügbar,0.0,,['https://restado.de/wp-content/uploads/products/2022/05/23728786-dscn0754.jpg'],Silt,Sprigs,Pr_20_29_56_82,"Wall, Barriers, Pannels","Covering, Finish",Headwall and swale inlet products,,0.0
2355,106114,https://restado.de/baustoff/weber-daemmplatte-200-mm-032/,"Weber Dämmplatte mm ,",Fassade,Fassadendämmung,2023-01-09,, ,Neuwertig,15€ (VB) / Stück,120 Stück verfügbar,(1 Stück Mindestabnahme),D-73312 Geislingen,Weber ,"{""Wärmeleitgruppe"": ""032"", ""Dämmstärke"": ""200 mm""}",15.0,120.0,15.0,120.0,15€ (VB) / Stück,120 Stück verfügbar,0.0,,['https://restado.de/wp-content/uploads/products/2022/05/afeb7c5a-4f148c7d-f704-4f8e-83fd-74067b25ff33.jpeg'],Silt,Sprigs,Pr_20_29_56_82,"Wall, Barriers, Pannels","Covering, Finish",Headwall and swale inlet products,,0.0
2356,106005,https://restado.de/baustoff/polystyrol-hartschaumplatten-fuer-wdvs-d22cm/,polystyrol hartschaumplatten für D=cm,Fassade,Fassadendämmung,2023-01-09,, ,Neu,644€ (VB) Paketpreis,46 m² verfügbar,(46 m² Mindestabnahme),D-15827 Blankenfelde-Mahlow,WKI-Isoliertechnik,"{""Wärmeleitgruppe"": ""032"", ""Anwendungsbereich"": ""Vollwärmeschutz""}",644.0,46.0,644.0,46.0,644€ (VB) Paketpreis,46 m² verfügbar,0.0,,[],Silt,Sprigs,Pr_20_29_56_82,"Wall, Barriers, Pannels","Covering, Finish",Headwall and swale inlet products,,0.0
2357,105547,https://restado.de/baustoff/novoproof-fa-epdm-din-en-13859-2/,"NovoProof® , -",Fassade,Fassadendämmung,2023-01-09,1690329600000.0,"Technische Daten NovoProof® FA und NovoProof® FA-self aus EPDM, DIN EN 13859-2 Farbe Schwarz Nenndicke 0,6/0,75/1,0/1,3 mm Standardbreiten 100/150/200/ 250/300/400 mm (andere Breiten auf Anfrage) Rollenlänge 20 m Shore A-Härte ca. 63 ° Höchstzugkraft 210/260/350/420 N Höchstzugkraftdehnung > 300 % Maßänderung nach Warmlagerung ≤ 0,5 % Kaltbiegeverhalten –30 °C Ozonbeständigkeit Ozonbeständig nach EN 1844 Wasserdampfdurchlässigkeit 60.000 μ ± 20.000 Widerstand gegen Luftdurchgang ≤ 0,1",Neu,140€ (VB) / Stück,1 Stück verfügbar,(1 Stück Mindestabnahme),D-72461 Albstadt,,{},140.0,1.0,140.0,1.0,140€ (VB) / Stück,1 Stück verfügbar,1.0,17107200000.0,['https://restado.de/wp-content/uploads/products/2022/05/739858ea-img_20220522_183542.jpg'],Silt,Sprigs,Pr_20_29_56_82,"Wall, Barriers, Pannels","Covering, Finish",Headwall and swale inlet products,198.0,0.0
2358,104166,https://restado.de/baustoff/stydrodur-basf-3000-cs-140-mm-0033-wstyrodur/,"Stydrodur - mm , ,",Fassade,Fassadendämmung,2023-01-09,1690934400000.0,"19 Pack a 3 Teile, Originalverpackung. Gesamtmenge ca. 43 m²   Aktueller Preis je m"" im Handel rund 32,00 EUR, Gesamtpreis rund 1400,00 EUR",Neu,988€ (VB) Paketpreis,19 Paket verfügbar,(19 Paket Mindestabnahme),D-76771 Hördt,,"{""Anwendungsbereich"": ""Vollwärmeschutz"", ""Dämmstärke"": ""140 mm""}",988.0,19.0,988.0,19.0,988€ (VB) Paketpreis,19 Paket verfügbar,1.0,17712000000.0,['https://restado.de/wp-content/uploads/products/2022/05/cc782930-20220510_194503.jpg'],Silt,Sprigs,Pr_20_29_56_82,"Wall, Barriers, Pannels","Covering, Finish",Headwall and swale inlet products,205.0,0.0
2359,92816,https://restado.de/baustoff/pu-wandpaneele/,PU-Wandpaneele,Fassade,Fassadendämmung,2023-01-09,1690588800000.0,"Verkaufe PU-Wandpaneele, verschiedene Formate und Farben, laut Liste. Auch nach Wunsch vorbestellbar.",Neu,23€ (VB) / m²,20.000 m² verfügbar,(700 m² Mindestabnahme),AT-4221,,{},23.0,20000.0,23.0,20000.0,23€ (VB) / m²,20.000 m² verfügbar,1.0,17366400000.0,"['https://restado.de/wp-content/uploads/products/2022/03/311f4989-pu-paneele.jpg', 'https://restado.de/wp-content/uploads/products/2022/03/9dc28e5d-paneele_2.jpg', 'https://restado.de/wp-content/uploads/products/2022/03/241d4537-pu-paneele.jpg']",Silt,Sprigs,Pr_20_29_56_82,"Wall, Barriers, Pannels","Covering, Finish",Headwall and swale inlet products,201.0,0.0
2360,91887,https://restado.de/baustoff/daemmplatten-gebraucht-verschiedene-laengen/,Dämmplatten gebraucht verschiedene Längen,Fassade,Fassadendämmung,2023-03-16,1696896000000.0,Gebrauchte dämmplatten verschiedene Längen verschiedener Zustand gg Abholung im Deizisau... beschädigte gibt es gratis dazu,Gebraucht,1€ / Stück,20 Stück verfügbar,(1 Stück Mindestabnahme),D-73779 Deizisau,,{},1.0,20.0,1.0,20.0,1€ / Stück,20 Stück verfügbar,1.0,17971200000.0,['https://restado.de/wp-content/uploads/products/2022/02/107ad041-20220218_170942-scaled.jpg'],Silt,Sprigs,Pr_20_29_56_82,"Wall, Barriers, Pannels","Covering, Finish",Headwall and swale inlet products,208.0,0.0
2361,89939,https://restado.de/baustoff/rockwool-fixrock-033-vs/,Rockwool fixrock vs,Fassade,Fassadendämmung,2023-01-09,1690934400000.0,"Wir verkaufen hier 325m2 NEUE Fassadendämmung der Firma Rockwool Fixrock Vlieskaschiert 033vs, für hinterlüftete Fassaden. Foto folgt später. Lieferung erfolgt am Montag zur Baustelle und kann dann dort abgeholt werden. Leider benötigen wir die Dämmung nun doch nicht, da wir uns keine hinterlüftete Fassade mehr leisten können. Beim Baumarkt wird die Dämmung aktuell für 15€ angeboten, daher ist unser Angebot sehr fair und nicht verhandelbar.",Neu,4.225€ Paketpreis,325 m² verfügbar,(325 m² Mindestabnahme),D-50997 Cologne,Rockwool,"{""Material"": ""Steinwolle"", ""Anwendungsbereich"": ""Hinterlüftete Fassade"", ""Brandschutzklasse"": ""A1 (Nicht brennbar)"", ""Dämmstärke"": ""100 mm""}",4225.0,325.0,4225.0,325.0,4.225€ Paketpreis,325 m² verfügbar,1.0,17712000000.0,[],Silt,Sprigs,Pr_20_29_56_82,"Wall, Barriers, Pannels","Covering, Finish",Headwall and swale inlet products,205.0,0.0
2362,85227,https://restado.de/baustoff/schneider-multitherm-110-in-180mm-holzfaserdaemmplatte/,Schneider Multitherm in mm Holzfaserdämmplatte,Fassade,Fassadendämmung,2023-01-09,1690329600000.0,"Schneider Multitherm 110 in 180mm Stärke zu verkaufen. 2 komplette Paletten, ungebraucht und noch verschweißt, ca. 26m² zum Preis von EUR 25,-/ m² (Momentan EUR 35,-/m² im Handel). Zusätzlich 4 neue Platten, ausgepackt, sowie einige Abschnitte und andere Dämmplatten als kostenlose Beigabe.Nur an Selbstabholer.",Neu,650€ (VB) Paketpreis,26 m² verfügbar,(26 m² Mindestabnahme),D-64739 Höchst im Odenwald,,"{""Anwendungsbereich"": ""Hinterlüftete Fassade"", ""Dämmstärke"": ""180 mm""}",650.0,26.0,650.0,26.0,650€ (VB) Paketpreis,26 m² verfügbar,1.0,17107200000.0,"['https://restado.de/wp-content/uploads/products/2021/11/1e57e033-daemmung-04-scaled.jpg', 'https://restado.de/wp-content/uploads/products/2021/11/d17a1d3d-daemmung-01-scaled.jpg']",Silt,Sprigs,Pr_20_29_56_82,"Wall, Barriers, Pannels","Covering, Finish",Headwall and swale inlet products,198.0,0.0
2363,83178,https://restado.de/baustoff/knauf-steinwolle-daemmplatten/,Knauf Steinwolle Dämmplatten,Fassade,Fassadendämmung,2023-01-09,1687305600000.0,Zu verkaufen stehen cca. 600 pakete KnaufInsulation DPF-50 Steinwolle Dämmplatten.   Hersteller: Knauf  Wärmeleitgruppe: 035 Dämmstarke: 80mm  Material: Steinwolle Brandschutzklasse: A1 (nicht brennbar)    Ware befindet sich in Berlin.  Kontakt: 015254384166,Neu,20€ (VB) / Paket,600 Paket verfügbar,(300 Paket Mindestabnahme),D-10178 Berlin,,{},20.0,600.0,20.0,600.0,20€ (VB) / Paket,600 Paket verfügbar,1.0,14083200000.0,"['https://restado.de/wp-content/uploads/products/2021/10/ee097c7e-c8160685-acbc-4d7b-a7e1-fa5329f55f00.jpeg', 'https://restado.de/wp-content/uploads/products/2021/10/709501c9-fcb9ef31-e503-4907-a75b-41b8d3cb0a93.jpeg']",Silt,Sprigs,Pr_20_29_56_82,"Wall, Barriers, Pannels","Covering, Finish",Headwall and swale inlet products,163.0,0.0
2364,82615,https://restado.de/baustoff/gutex-holzfaserdaemmmatten-thermoflex-d16cm/,"Gutex Holzfaserdämmmatten , Thermoflex , d=cm",Fassade,Fassadendämmung,2023-01-09,1673481600000.0,,,,,,,,,,,,,,,1.0,259200000.0,"['https://restado.de/wp-content/uploads/products/2021/09/1a73f8e2-img_5088-scaled.jpg', 'https://restado.de/wp-content/uploads/products/2021/09/417de302-img_5089-scaled.jpg']",Silt,Sprigs,Pr_20_29_56_82,"Wall, Barriers, Pannels","Covering, Finish",Headwall and swale inlet products,3.0,
2365,78856,https://restado.de/baustoff/maxit/,Maxit Fassadendämmplatte mm mm Dämmung,Fassade,Fassadendämmung,2023-01-09,1691971200000.0,Maxit EPS Fassadendämmplatte 032 WDV SILVER 160mm,Neu,612€ (VB) Paketpreis,36 m² verfügbar,(36 m² Mindestabnahme),D-91074 Herzogenaurach,,"{""Wärmeleitgruppe"": ""032"", ""Anwendungsbereich"": ""Vollwärmeschutz"", ""Brandschutzklasse"": ""B1 (schwerentflammbar)"", ""Dämmstärke"": ""160 mm""}",612.0,36.0,612.0,36.0,612€ (VB) Paketpreis,36 m² verfügbar,1.0,18748800000.0,"['https://restado.de/wp-content/uploads/products/2021/07/bc1cc4fc-dsc_0322-scaled.jpg', 'https://restado.de/wp-content/uploads/products/2021/07/fb9c24d2-dsc_0319-scaled.jpg', 'https://restado.de/wp-content/uploads/products/2021/07/facc8e21-dsc_0321-scaled.jpg']",Silt,Sprigs,Pr_20_29_56_82,"Wall, Barriers, Pannels","Covering, Finish",Headwall and swale inlet products,217.0,0.0
2366,78214,https://restado.de/baustoff/xps-daemmung-120mm/,Dämmung mm,Fassade,Fassadendämmung,2023-01-09,1688428800000.0,Dämmplatten XPS   Stufenfalz  120mm Dick 600mm Breit  1250mm Lang   weitere Informationen siehe Datenblatt   Für Rückfragen stehe ich gerne zur Verfügung,Neu,21€ (VB) / m²,600 m² verfügbar,(100 m² Mindestabnahme),D-87600 Kaufbeuren,,{},21.0,600.0,21.0,600.0,21€ (VB) / m²,600 m² verfügbar,1.0,15206400000.0,['https://restado.de/wp-content/uploads/products/2021/07/879605c0-be522092-7ca4-4cb4-9323-0cc6ef0a94a6-scaled.jpeg'],Silt,Sprigs,Pr_20_29_56_82,"Wall, Barriers, Pannels","Covering, Finish",Headwall and swale inlet products,176.0,0.0
2367,76957,https://restado.de/baustoff/weber-tec-superflex-reaktivabdichtung-d24/,Weber.tec Superflex Reaktivabdichtung,Fassade,Fassadendämmung,2023-03-04,1694476800000.0, ,Neu,90€ / Stück,1 Stück verfügbar,(1 Stück Mindestabnahme),D-97723 Oberthulba,Weber.tec,{},90.0,1.0,90.0,1.0,90€ / Stück,1 Stück verfügbar,1.0,16588800000.0,['https://restado.de/wp-content/uploads/products/2021/06/e25c74e3-20210617_111910-scaled.jpg'],Silt,Sprigs,Pr_20_29_56_82,"Wall, Barriers, Pannels","Covering, Finish",Headwall and swale inlet products,192.0,0.0
2368,76382,https://restado.de/baustoff/paroc-fassadendaemmung-mineralwolle-100mm/,Paroc Fassadendämmung Mineralwolle mm,Fassade,Fassadendämmung,2023-06-06,, ,Neu,20€ (VB) / m²,50 m² verfügbar,(11 m² Mindestabnahme),D-64859 Eppertshausen,,"{""Dämmstärke"": ""100 mm""}",20.0,50.0,20.0,50.0,20€ (VB) / m²,50 m² verfügbar,0.0,,['https://restado.de/wp-content/uploads/products/2021/06/47a9b1db-19dc01e0-179c-43b0-b925-a729e0787072-scaled.jpeg'],Silt,Sprigs,Pr_20_29_56_82,"Wall, Barriers, Pannels","Covering, Finish",Headwall and swale inlet products,,0.0
2369,65798,https://restado.de/baustoff/eps-wdv-fassaden-daemmplatten/,EPS-WDV-Fassaden Dämmplatten,Fassade,Fassadendämmung,2023-01-09,1687219200000.0,Verkaufe insgesamt 16qm neue EPS-WDV-Fassaden Dämmplatten 16 Pakete a 1qm Wärmeleitgruppe: 035 Materialspezifizierung: EPS (expandiertes Polystyrol) Nutzmaß: 1000*500mm Kantenausprägung: Stumpf Nenndicke: 200mm,Neu,18€ (VB) / Stück,16 Stück verfügbar,(1 Stück Mindestabnahme),D-32547 Bad Oeynhausen,HIRSCH Porozell GmbH,"{""Material"": ""Kunststoff"", ""Wärmeleitgruppe"": ""035"", ""Anwendungsbereich"": ""Wand"", ""Brandschutzklasse"": ""B1 (schwerentflammbar)"", ""Dämmstärke"": ""200 mm""}",18.0,16.0,18.0,16.0,18€ (VB) / Stück,16 Stück verfügbar,1.0,13996800000.0,"['https://restado.de/wp-content/uploads/products/2020/11/b5ff99f1-00012-scaled.jpg', 'https://restado.de/wp-content/uploads/products/2020/11/b124ec06-0001-scaled.jpg']",Silt,Sprigs,Pr_20_29_56_82,"Wall, Barriers, Pannels","Covering, Finish",Headwall and swale inlet products,162.0,0.0
2370,60935,https://restado.de/baustoff/heck-coverrock-2-160mm-wlg-035/,Heck Coverrock mm,Fassade,Fassadendämmung,2023-01-09,1674000000000.0,,,,,,,,,,,,,,,1.0,777600000.0,['https://restado.de/wp-content/uploads/products/2020/10/2090f4ec-20201020_115237-rotated.jpg'],Silt,Sprigs,Pr_20_29_56_82,"Wall, Barriers, Pannels","Covering, Finish",Headwall and swale inlet products,9.0,
2371,54046,https://restado.de/baustoff/basf-styrodur-3035-cs-xpsplatte-1265-x-615-mm/,Styrodur CS-mm stark,Fassade,Fassadendämmung,2023-01-09,,BASF Styrodur 3035 CS-160mm stark,Neu,30€ (VB) / Stück,2 Stück verfügbar,(1 Stück Mindestabnahme),D-73342 Bad Ditzenbach,,"{""GTIN13 / AEN:"": ""4014439006072"", ""Wärmeleitgruppe"": ""035"", ""Dämmstärke"": ""160 mm""}",30.0,2.0,30.0,2.0,30€ (VB) / Stück,2 Stück verfügbar,0.0,,['https://restado.de/wp-content/uploads/products/2020/05/68c799ea-basf-styrodur_2-scaled.jpg.webp'],Silt,Sprigs,Pr_20_29_56_82,"Wall, Barriers, Pannels","Covering, Finish",Headwall and swale inlet products,,0.0
2372,50542,https://restado.de/baustoff/knauf-schlagduebel-sz-8-plus-290/,Knauf Schlagdübel plus,Fassade,Fassadendämmung,2023-01-09,, ,Neu,"0,70€ (VB) / Stück",400 Stück verfügbar,(100 Stück Mindestabnahme),D-78078 Niedereschach,,"{""Anwendungsbereich"": ""Vollwärmeschutz""}",0.7000000000000001,400.0,0.7000000000000001,400.0,"0,70€ (VB) / Stück",400 Stück verfügbar,0.0,,['https://restado.de/wp-content/uploads/products/2020/04/d1a985a6-img_20190403_143121-scaled.jpg.webp'],Silt,Sprigs,Pr_20_29_56_82,"Wall, Barriers, Pannels","Covering, Finish",Headwall and swale inlet products,,0.0
2373,42963,https://restado.de/baustoff/noppenbahn/,Noppenbahn,Fassade,Fassadendämmung,2023-01-09,, ,Neu,40€ (VB) / Stück,1 Stück verfügbar,(1 Stück Mindestabnahme),D-68519 Viernheim,,{},40.0,1.0,40.0,1.0,40€ (VB) / Stück,1 Stück verfügbar,0.0,,[],Silt,Sprigs,Pr_20_29_56_82,"Wall, Barriers, Pannels","Covering, Finish",Headwall and swale inlet products,,0.0
2374,41812,https://restado.de/baustoff/waermedaemmplatten-100mm-42qm/,Wärmedämmplatten mm qm,Fassade,Fassadendämmung,2023-03-12,, ,Neu,210€ (VB) Paketpreis,14 Stück verfügbar,(14 Stück Mindestabnahme),D-41199 Mönchengladbach,,"{""Dämmstärke"": ""100 mm""}",210.0,14.0,210.0,14.0,210€ (VB) Paketpreis,14 Stück verfügbar,0.0,,[],Silt,Sprigs,Pr_20_29_56_82,"Wall, Barriers, Pannels","Covering, Finish",Headwall and swale inlet products,,0.0
2375,38512,https://restado.de/baustoff/maxit-mw-wolle-035-speedy-1200x400x140mm/,Maxit MW-Wolle Speedy xxmm,Fassade,Fassadendämmung,2023-01-09,,"Verkaufen übrig gebliebene Neuware auf Paletten, noch komplett verpackt. WDVS Platte Isover Sillatherm WVP 1-035 Plus. Auf Euro-Paletten. Inkl. Rondelle und Dübel! Privatverkauf",Neu,25€ (VB) / m²,60 m² verfügbar,(7 m² Mindestabnahme),D-97279 Prosselsheim,Isover,"{""Material"": ""Steinwolle"", ""Wärmeleitgruppe"": ""035"", ""Anwendungsbereich"": ""Vollwärmeschutz"", ""Dämmstärke"": ""140 mm""}",25.0,60.0,25.0,60.0,25€ (VB) / m²,60 m² verfügbar,0.0,,[],Silt,Sprigs,Pr_20_29_56_82,"Wall, Barriers, Pannels","Covering, Finish",Headwall and swale inlet products,,0.0
2376,33815,https://restado.de/baustoff/steico-protect-h-60mm/,Steico Protect mm,Fassade,Fassadendämmung,2023-01-09,,"Hallo, verkaufen hier unseren Restbestand an Steico Protect H 60mm Putzträgerplatten.",Neu,"17,50€ (VB) / m²",27 m² verfügbar,(1 m² Mindestabnahme),L-7333 Steinsel,Steico,"{""Material"": ""Holzfaser""}",17.5,27.0,17.5,27.0,"17,50€ (VB) / m²",27 m² verfügbar,0.0,,[],Silt,Sprigs,Pr_20_29_56_82,"Wall, Barriers, Pannels","Covering, Finish",Headwall and swale inlet products,,0.0
2377,31709,https://restado.de/baustoff/steinwolle/,Steinwolle,Fassade,Fassadendämmung,2023-01-09,,"Hallo Ich habe drei Pakete von Steinwolle 160 , 3 Pakete von Lamellen auch 160 stark, 3 Pakete von EPS Sockelplatten 160 stark und zwei Pakete von Phenolplatten 100 mm stark dazu ca 10 Pakete von Dübel und Teller. Ich würde gerne das ganze für paar Euro verkaufen wegen Lager entrümpeln.",Neu,1€ (VB) / Stück,1 Stück verfügbar,(1 Stück Mindestabnahme),D-82194 Gröbenzell,,{},1.0,1.0,1.0,1.0,1€ (VB) / Stück,1 Stück verfügbar,0.0,,[],Silt,Sprigs,Pr_20_29_56_82,"Wall, Barriers, Pannels","Covering, Finish",Headwall and swale inlet products,,0.0
2379,29241,https://restado.de/baustoff/kellerdeckendaemmung-isover-mineralstoff-steinwolle/,Kellerdeckendämmung Mineralstoff/Steinwolle,Fassade,Fassadendämmung,2023-01-09,,"Wärmeleitwert: 0,034 Abmasse: 800x625 mm 100 mm stark Anzahl: 7 Packete original verpackt Quadratmeter insgesamt: 11 m2 Kaufdatum: August 2018",Neu,253€ (VB) Paketpreis,11 Stück verfügbar,(11 Stück Mindestabnahme),D-53343 Wachtberg,,{},253.0,11.0,253.0,11.0,253€ (VB) Paketpreis,11 Stück verfügbar,0.0,,[],Silt,Sprigs,Pr_20_29_56_82,"Wall, Barriers, Pannels","Covering, Finish",Headwall and swale inlet products,,0.0
2380,28059,https://restado.de/baustoff/profile-eck-bzw-sockel-profil-edelstahl-zum-einhaengen-in-sockelschine-wdvs/,Profile / Eck- bzw . Sockel Profil Edelstahl zum einhängen in Sock…,Fassade,Fassadendämmung,2023-03-04,,Länge 2 Meter,Neu,"2,50€ / Stück",8 Stück verfügbar,(1 Stück Mindestabnahme),D-09221 Neukirchen/Erzgebirge,,{},2.5,8.0,2.5,8.0,"2,50€ / Stück",8 Stück verfügbar,0.0,,[],Silt,Sprigs,Pr_20_29_56_82,"Wall, Barriers, Pannels","Covering, Finish",Headwall and swale inlet products,,0.0
2381,26069,https://restado.de/baustoff/steinwolle-putztraegerplatte-mineralwoll-daemmung-aussen-daemmung/,"Steinwolle-Putzträgerplatte , Mineralwoll-Dämmung , Außen-Dämmung",Fassade,Fassadendämmung,2023-05-11,,"FKD-MAX C2 Steinwolle-Putzträgerplatte 1200*400*300 mm mit beidseitiger Haftbeschichtung Produktionsjahr 2018 Wärmedurchgangskoeffizient (U-Wert) 0,034 100 Stück / 48 m² / 14,4 m³ Preis: 95,- / m³ zzgl. MwSt",Neu,1.300€ (VB) Paketpreis,100 Stück verfügbar,(100 Stück Mindestabnahme),D-55129 Mainz,,{},1300.0,100.0,1300.0,100.0,1.300€ (VB) Paketpreis,100 Stück verfügbar,0.0,,[],Silt,Sprigs,Pr_20_29_56_82,"Wall, Barriers, Pannels","Covering, Finish",Headwall and swale inlet products,,0.0
2382,14220,https://restado.de/baustoff/waermedaemmputz-weber-therm-507/,Wärmedämmputz Weber therm,Fassade,Fassadendämmung,2023-01-09,1684108800000.0,Wärmedämmputz weber therm 507 10 Sack neu  Zur Selbstabholung oder Lieferung gegen Gebühr  20€ je Sack VB,Neu,200€ (VB) Paketpreis,10 Säcke verfügbar,(10 Säcke Mindestabnahme),Neu,,{},200.0,10.0,200.0,10.0,200€ (VB) Paketpreis,10 Säcke verfügbar,1.0,10886400000.0,[],Silt,Sprigs,Pr_20_29_56_82,"Wall, Barriers, Pannels","Covering, Finish",Headwall and swale inlet products,126.0,0.0
2383,8327,https://restado.de/baustoff/systemdbel-marmorit-termofix-h-230-mm-schraubdbel-fr-holz/,Systemdübel Marmorit Termofix mm - schraubdübel für Holz,Fassade,Fassadendämmung,2023-01-09,,"300 Stück Marmorit Systemdübel Termofix H 230 - Schraubdübel für Holz zu verkaufen. Die Dübel sind neu und im Originalkarton verpackt, leichte Lagerspuren am Karton. Rest vom Hausbau, um Pavatex-Isolierung am Holzhaus zu befestigen.  Abholung in 86343 Königsbrunn oder Versand gegen Kostenerstattung.  Privatverkauf, daher keine Garantie, Gewährleistung oder Rücknahme.  Preis: 198 Euro für 3 Kartons mit insgesamt 300 Schraubdübeln",Neu,"0,66€ / Stück",300 Stück verfügbar,(inkl. 19% MwSt.),Neu,,{},0.66,300.0,0.66,300.0,"0,66€ / Stück",300 Stück verfügbar,0.0,,[],Silt,Sprigs,Pr_20_29_56_82,"Wall, Barriers, Pannels","Covering, Finish",Headwall and swale inlet products,,0.0
2384,7799,https://restado.de/baustoff/wrmedmmverbundsysteme-2/,Wärmedämmverbundsysteme,Fassade,Fassadendämmung,2023-01-09,,Verkaufe hier 140mm Wärmmedämmung von der Firma Sakret. Abmass von einer Platte : 0.5m x 1m Ich habe ca .43 Packete. In jedem Packet sind 3 Stück. Das sind also 1.5m2 pro Packet. Somit sprechen wir von 64.5 m2 Dämmung. Die Dämmung ist vom April2017 und ist noch über vom Dämmen meines Neubaus.. Es steht geschützt in meiner Garage. Die Verpackungsfolie ist noch dran. Preis VB. Einfach melden,Neu,8€ / m²,64 m² verfügbar,(inkl. 19% MwSt.),Neu,,{},8.0,64.0,8.0,64.0,8€ / m²,64 m² verfügbar,0.0,,[],Silt,Sprigs,Pr_20_29_56_82,"Wall, Barriers, Pannels","Covering, Finish",Headwall and swale inlet products,,0.0
2385,7786,https://restado.de/baustoff/2m%c2%b3-bigbag-fr-kmf-baustoffe/,m³ Bigbag für Baustoffe,Fassade,Fassadendämmung,2023-01-09,,Verkauf von neuen 2m³ KMF Bigbags mit entsprechenden Logos für umweltgerechte Entsorgung von Dämmstoffen (Mineralwolle etc.),Neu,16€ / Säcke,10 Säcke verfügbar,(inkl. 19% MwSt.),Neu,,{},16.0,10.0,16.0,10.0,16€ / Säcke,10 Säcke verfügbar,0.0,,[],Silt,Sprigs,Pr_20_29_56_82,"Wall, Barriers, Pannels","Covering, Finish",Headwall and swale inlet products,,0.0
2386,6780,https://restado.de/baustoff/isover-sillatherm-wvp-1-035/,Sillatherm -,Fassade,Fassadendämmung,2023-01-09,,Verkaufe 13 Paletten Wärmedämmung der oben genannten Marke. Genaue Informationen kann den Fotots entnommen werden. Originalverpackte Ware. Eine Palette deckt 24 qm ab. Einzelne Paletten können auch erworben werden. Preis pro Palette: VB 1100 Euro 13 Paletten: VB 13000 Euro Listenpreis ist über 17000 Euro. Standort ist Berlin. Lieferung gegen Aufpreis möglich,Neu,1.100€ (VB) / Paletten,13 Paletten verfügbar,(1 Paletten Mindestabnahme),Neu,,{},1100.0,13.0,1100.0,13.0,1.100€ (VB) / Paletten,13 Paletten verfügbar,0.0,,[],Silt,Sprigs,Pr_20_29_56_82,"Wall, Barriers, Pannels","Covering, Finish",Headwall and swale inlet products,,0.0
2387,6759,https://restado.de/baustoff/dmmung-isover-ultimate-isover-kontur-fassadendmmung-perlit/,"Dämmung , Isover Ultimate , Isover Kontur , Fassadendämmung , Perlit",Fassade,Fassadendämmung,2023-01-09,,"Diverse Dämmung an Selbstabholer abzugeben  - 1 Rolle Randdämmstreifen 150 mm x 8 mm (25 m Rolle) - 2 Säcke DS Perlit (100 ltr/Sack) - 8 Pack Neopor-Fassadenplatten 032 1000 x 500 mm 50 mm - 10 Rollen Isover Ultimate UF 040 Universal-Filz 80 mm, Abmessung: 0,8 x 1,2 m - 11 Pack Isover Kontur KP1 WLG 035 60 mm Kerndämmplatte, Abmessungen: 1,25 m x 0,625 m x 0,06 m  Neuwert ca. 660 € Als Komplettpaket für 550 € abzugeben Versand ist leider nicht möglich",Neu,550€ / Stück,1 Stück verfügbar,(1 Stück Mindestabnahme),Neu,,{},550.0,1.0,550.0,1.0,550€ / Stück,1 Stück verfügbar,0.0,,[],Silt,Sprigs,Pr_20_29_56_82,"Wall, Barriers, Pannels","Covering, Finish",Headwall and swale inlet products,,0.0
2388,5061,https://restado.de/baustoff/ursa-kerndmmplatten-kdp-2v/,Ursa Kerndämmplatten,Fassade,Fassadendämmung,2023-01-09,,"2 Pakete Kerndämmplatten URSA KDP 2/V , WLG 035, 80mm",Neu,15€ / Stück,2 Stück verfügbar,(1 Stück Mindestabnahme),Neu,,{},15.0,2.0,15.0,2.0,15€ / Stück,2 Stück verfügbar,0.0,,[],Silt,Sprigs,Pr_20_29_56_82,"Wall, Barriers, Pannels","Covering, Finish",Headwall and swale inlet products,,0.0
2389,3084,https://restado.de/baustoff/multipor-leichtmrtel/,Multipor Leichtmörtel,Fassade,Fassadendämmung,2023-01-09,,"Leichtmörtel Multipor, Xella, a 20kg. Der Leichtmörtel wird ebenerdig trocken gelagert und soll das stück 20€ kosten.Bitte beachten sie das das hier ein Privat verkauf ist deswegen nur bar und über Selbstabholer.Bei fragen und Interessen bitte ich drum anzurufen oder per Nachricht mich zu kontaktieren.",Neu,21€ (VB) / Stück,89 Stück verfügbar,(1 Stück Mindestabnahme),Neu,,{},21.0,89.0,21.0,89.0,21€ (VB) / Stück,89 Stück verfügbar,0.0,,[],Silt,Sprigs,Pr_20_29_56_82,"Wall, Barriers, Pannels","Covering, Finish",Headwall and swale inlet products,,0.0
2390,2584,https://restado.de/baustoff/brillux-wdv-system-qju-fassaden-dmmplatten-dmmung/,Brillux WDV-System Qju Fassaden Dämmplatten / Dämmung,Fassade,Fassadendämmung,2023-01-09,,"Brillux WDV-System Qju Fassaden Dämmplatte  150mm dick, 1,5 Meter x 0,50 Meter, insgesamt 7,5 m²  5 Pakete à 3 Platten, original eingeschweißt, für Selbstabholer.  Einkaufspreis: pro m² 17,50 €, Gesamtpreis 131,25 €  nur komplett abzuholen in 47877 Willich",Neu,100€ Paketpreis,5 Stück verfügbar,(5 Stück Mindestabnahme),Neu,,{},100.0,5.0,100.0,5.0,100€ Paketpreis,5 Stück verfügbar,0.0,,[],Silt,Sprigs,Pr_20_29_56_82,"Wall, Barriers, Pannels","Covering, Finish",Headwall and swale inlet products,,0.0
2391,1931,https://restado.de/baustoff/styroporplatten-20stck-100x90x2cm/,Styropor Platten Stück xxcm,Fassade,Fassadendämmung,2023-01-09,,"Da wir nur 2 Platten benötigt haben, möchte ich nun den Rest günstig abgeben.   Schauen Sie auch nach meiner anderen Anzeige, hier biete ich noch den passenden Kleber an.",Gebraucht,"0,50€ (VB) / Stück",20 Stück verfügbar,(10 Stück Mindestabnahme),Gebraucht,,{},0.5,20.0,0.5,20.0,"0,50€ (VB) / Stück",20 Stück verfügbar,0.0,,[],Silt,Sprigs,Pr_20_29_56_82,"Wall, Barriers, Pannels","Covering, Finish",Headwall and swale inlet products,,0.0
2427,125250,https://restado.de/baustoff/gutex-thermowall-l-12-x-59-x-125-cm/,Gutex Thermowall x x cm,Fassade,Fassadendämmung,2023-04-15,,,,,,,,,{},0.0,0.0,0.0,0.0,,,0.0,,['https://restado.de/wp-content/uploads/products/2023/04/7f23008c-58_3_gutex-thermowall-l-120mm-stumpf-2019-freigestellt.jpg'],Silt,Sprigs,Pr_20_29_56_82,"Wall, Barriers, Pannels","Covering, Finish",Headwall and swale inlet products,,0.0
3001,118846,https://restado.de/baustoff/hasit-160/,Hasit,Innenausbau,Innenputz,2023-01-09,,Hasit 160 Kalk Fein-Putz,Neuwertig,15€ Paketpreis,5 Stück verfügbar,(5 Stück Mindestabnahme),D-81241 Munich,,{},15.0,5.0,15.0,5.0,15€ Paketpreis,5 Stück verfügbar,0.0,,['https://restado.de/wp-content/uploads/products/2023/01/96522bfb-hasit-scaled.jpg'],Encaustic,Sprigs,Pr_20_29_56_82,"Wall, Barriers, Pannels","Covering, Finish",Headwall and swale inlet products,,0.0
3002,111269,https://restado.de/baustoff/feinputz-akurit-filzputz-brilliantweiss-08mm-25-kg/,"Feinputz - Akurit Filzputz brilliantweiß , mm kg",Innenausbau,Innenputz,2023-01-09,1689033600000.0,"für Allergiker geeignet sehr ansprechendes Filzbild brillantweiße Körnung  Maschinengängiger Oberputz für eine gleichmäßige und feine Filzstruktur - als Oberputz auf mineralischen Untergründen - auf Wärmedämm-Verbundsystemen für Kleinflächen (z. B. Laibungen, Faschen) - für Allergiker geeignet, zertifiziert durch TÜV Nord - mit brilliantweißer Marmorkörnung - Farbton: weiß - Strukturkorn ca. 0,8 mm",Neu,22€ (VB) / Stück,38 Stück verfügbar,(1 Stück Mindestabnahme),D-86684 Holzheim,Akurit,"{""Gebindeart"": ""Sack"", ""Gebindegröße"": ""25 kg"", ""Geeignet als"": ""Oberputz"", ""Putzart"": ""Filzputz"", ""Körnung"": ""0,8 mm""}",22.0,38.0,22.0,38.0,22€ (VB) / Stück,38 Stück verfügbar,1.0,15811200000.0,['https://restado.de/wp-content/uploads/products/2022/08/535ba3dc-feinputz.jpg'],Encaustic,Sprigs,Pr_20_29_56_82,"Wall, Barriers, Pannels","Covering, Finish",Headwall and swale inlet products,183.0,0.0
3003,106024,https://restado.de/baustoff/6-x-lehmputz-fein-30kg-wandputz-fachwerkhaus-baumaterialien/,x Lehmputz fein kg Wandputz Fachwerkhaus Baumaterialien,Innenausbau,Innenputz,2023-01-09,,"Nur Selbstabholung in Stein b. Nürnberg.    PRIVATVERKAUF  keine Rückgabe, Garantie etc., Irrtum vorbehalten.",Neu,120€ (VB) Paketpreis,6 Stück verfügbar,(6 Stück Mindestabnahme),D-90547 Stein,puclay 333,"{""Gebindeart"": ""Sack"", ""Gebindegröße"": ""30 kg"", ""Geeignet als"": ""Unter und Oberputz"", ""Putzart"": ""3930"", ""Körnung"": ""0/1""}",120.0,6.0,120.0,6.0,120€ (VB) Paketpreis,6 Stück verfügbar,0.0,,"['https://restado.de/wp-content/uploads/products/2022/05/5d9d1fcf-lehmputz1.jpg', 'https://restado.de/wp-content/uploads/products/2022/05/a99e323b-lehmputz2.jpg']",Encaustic,Sprigs,Pr_20_29_56_82,"Wall, Barriers, Pannels","Covering, Finish",Headwall and swale inlet products,,0.0
3004,105338,https://restado.de/baustoff/knauf-rotkalkglaette-20-kg/,"Knauf Rotkalkglätte Kg , Kalkglätte",Innenausbau,Innenputz,2023-01-09,,"Hallo :) wir verkaufen 12 Stück übrig gebliebene Säcke Rotkalkglätte! Da wir leider zu viel bestellt hatten ist der Zustand wie top und ungenutzt.  Wir würden uns freuen wenn wir einen Abnehmer aller 12 Säcke finden würden, ansonsten ist es aber auch möglich die Säcke einzeln zu verkaufen.  Generell bevorzugen wir Abholung, es kann aber auch verschickt werden, die Versandkosten würden dann dementsprechend berechnet werden, abhängig davon wie viele Säcke gekauft werden.  Eine direkte Anlieferung ist bei Lieferadresse in der Nähe gegen ein wenig Aufpreis auch möglich.  Bei Fragen gerne melden :)",Neu,5€ (VB) / Stück,12 Stück verfügbar,(1 Stück Mindestabnahme),D-82041 Oberhaching,Knauf,{},5.0,12.0,5.0,12.0,5€ (VB) / Stück,12 Stück verfügbar,0.0,,['https://restado.de/wp-content/uploads/products/2022/05/b3b7cb7b-3559e024-7659-4148-bbb7-0764e33c6f62.jpeg'],Encaustic,Sprigs,Pr_20_29_56_82,"Wall, Barriers, Pannels","Covering, Finish",Headwall and swale inlet products,,0.0
3005,89235,https://restado.de/baustoff/knauf-bau-und-elektrikergips/,Knauf Bau- und Elektrikergips,Innenausbau,Innenputz,2023-01-09,, ,Gebraucht,0€ / Stück,2 Stück verfügbar,(1 Stück Mindestabnahme),D-80999 Munich,Knauf,{},0.0,2.0,0.0,2.0,0€ / Stück,2 Stück verfügbar,0.0,,['https://restado.de/wp-content/uploads/products/2022/01/1b8dfad4-gips-rotated.jpg'],Encaustic,Sprigs,Pr_20_29_56_82,"Wall, Barriers, Pannels","Covering, Finish",Headwall and swale inlet products,,0.0
3006,89241,https://restado.de/baustoff/pasit-zementputz/,Pasit Zementputz,Innenausbau,Innenputz,2023-08-02,, ,Gebraucht,0€ / Stück,1 Stück verfügbar,(1 Stück Mindestabnahme),D-80999 Munich,Pasit,"{""Gebindeart"": ""Sack"", ""Gebindegröße"": ""20 kg""}",0.0,1.0,0.0,1.0,0€ / Stück,1 Stück verfügbar,0.0,,['https://restado.de/wp-content/uploads/products/2022/01/bc665c1e-zement-rotated.jpg'],Encaustic,Sprigs,Pr_20_29_56_82,"Wall, Barriers, Pannels","Covering, Finish",Headwall and swale inlet products,,0.0
3007,89245,https://restado.de/baustoff/knauf-rotband/,Knauf Rotband,Innenausbau,Innenputz,2023-01-09,, ,Gebraucht,0€ / Stück,1 Stück verfügbar,(1 Stück Mindestabnahme),D-80999 Munich,Knauf,{},0.0,1.0,0.0,1.0,0€ / Stück,1 Stück verfügbar,0.0,,['https://restado.de/wp-content/uploads/products/2022/01/08634a48-rotband-rotated.jpg'],Encaustic,Sprigs,Pr_20_29_56_82,"Wall, Barriers, Pannels","Covering, Finish",Headwall and swale inlet products,,0.0
3008,85124,https://restado.de/baustoff/gips/,Gips,Innenausbau,Innenputz,2023-01-09,,Verkaufe hochqualitativen Grundputz 1.2mm für nur CHF 12 (statt CHF 17.65) pro 30kg Sack. Preis sinkt bei grösseren Abnahmen. 5 Tonnen sind vorhanden.  Normalputz,Neu,12€ (VB) / Paket,160 Paket verfügbar,(30 Paket Mindestabnahme),CH-9010 St. Gallen,,{},12.0,160.0,12.0,160.0,12€ (VB) / Paket,160 Paket verfügbar,0.0,,['https://restado.de/wp-content/uploads/products/2021/10/73fc3404-bild1.jpg'],Encaustic,Sprigs,Pr_20_29_56_82,"Wall, Barriers, Pannels","Covering, Finish",Headwall and swale inlet products,,0.0
3009,84290,https://restado.de/baustoff/dekorativer-putz-innen-und-aussen/,Dekorativer Putz Innen und Aussen,Innenausbau,Innenputz,2023-01-09,,"Es handelt sich um eine auf Weißzement, Harz- und Polymerzusatz wasserdichte Aussenfassadenbeschichtung mit hoher Haftung und Festigkeit. Hohe Beständigkeit gegenüber Wasser und Frost. FIXPER DEKORATIVER AUSSENPUTZ für ein natürliches und dekoratives Aussehen.",Neu,"22,99€ / Stück",10.000 Stück verfügbar,(1.000 Stück Mindestabnahme),D-71336 Waiblingen,Bau Mit,"{""Gebindeart"": ""Sack"", ""Gebindegröße"": ""10 kg"", ""Geeignet als"": ""Ober- und Unterputz"", ""Putzart"": ""Fertigputz"", ""Körnung"": ""2 mm""}",22.99,10000.0,22.99,10000.0,"22,99€ / Stück",10.000 Stück verfügbar,0.0,,['https://restado.de/wp-content/uploads/products/2021/10/45801d65-4_3d.jpg'],Encaustic,Sprigs,Pr_20_29_56_82,"Wall, Barriers, Pannels","Covering, Finish",Headwall and swale inlet products,,0.0
3010,84272,https://restado.de/baustoff/waermedaemmputz-innen-aussen/,Wärmedämmputz Innen & Außen,Innenausbau,Innenputz,2023-01-09,,"Es handelt sich um einen gebrauchsfertigen Wärmedämmputz für Aussenfassaden. Die Zusammensetzung beinhaltet Portlandzement, expandierte Silikate und anorganische Füllstoffe. Die eingesetzten Additive sind gesundheits- und umweltschonend gemäß den europäischen Normrichtlinien und ISO-Bedingungen. Das Produkt erfüllt die Anforderungen an Wärme,- Schall- und Feuerisolierung.   Weitere Angaben entnehmen Sie bitte aus unserem Datenblatt (.pdf)",Neu,"27,99€ / Stück",10.000 Stück verfügbar,(1.000 Stück Mindestabnahme),12 Monate Gewährleistung,,{},27.99,10000.0,27.99,10000.0,"27,99€ / Stück",10.000 Stück verfügbar,0.0,,,Encaustic,Sprigs,Pr_20_29_56_82,"Wall, Barriers, Pannels","Covering, Finish",Headwall and swale inlet products,,0.0
3011,82858,https://restado.de/baustoff/knauf-easyputz-20-kg/,Knauf Easyputz Kg,Innenausbau,Innenputz,2023-09-27,,"Bei unserer Renovierung sind 4 Eimer Easyputz übrig geblieben (0,5 mm und 1 mm). Ein 20 Kg Eimer reicht für etwa 20 m². Der Putz ist einfach aufzurollen und deckt sehr gut. Bei Bedarf kann eine Farbe direkt in den Putz eingerührt werden.  Die Eimer sind neu und ungeöffnet.",Neu,30€ (VB) / Stück,4 Stück verfügbar,(1 Stück Mindestabnahme),D-97318 Kitzingen,Knauf,{},30.0,4.0,30.0,4.0,30€ (VB) / Stück,4 Stück verfügbar,0.0,,['https://restado.de/wp-content/uploads/products/2021/09/6606d489-bild.jpg'],Encaustic,Sprigs,Pr_20_29_56_82,"Wall, Barriers, Pannels","Covering, Finish",Headwall and swale inlet products,,0.0
3012,81550,https://restado.de/baustoff/murexin-haftschlaemme-repol-hs1/,Murexin Haftschlämme Repol,Innenausbau,Innenputz,2023-01-09,,Von Privat und nur für Selbstabholer,Neu,30€ (VB) / Stück,50 Stück verfügbar,(10 Stück Mindestabnahme),D-67547 Worms,Murexin Haftschlämme,{},30.0,50.0,30.0,50.0,30€ (VB) / Stück,50 Stück verfügbar,0.0,,[],Encaustic,Sprigs,Pr_20_29_56_82,"Wall, Barriers, Pannels","Covering, Finish",Headwall and swale inlet products,,0.0
3013,80422,https://restado.de/baustoff/rotband-reno-20kg/,Rotband Reno kg,Innenausbau,Innenputz,2023-01-09,, ,Neu,25€ / Stück,1 Stück verfügbar,(1 Stück Mindestabnahme),D-68526 Ladenburg,Knauf,"{""Gebindeart"": ""Eimer"", ""Gebindegröße"": ""20 kg"", ""Geeignet als"": ""Oberputz"", ""Putzart"": ""Fertigputz""}",25.0,1.0,25.0,1.0,25€ / Stück,1 Stück verfügbar,0.0,,,Encaustic,Sprigs,Pr_20_29_56_82,"Wall, Barriers, Pannels","Covering, Finish",Headwall and swale inlet products,,0.0
3014,80321,https://restado.de/baustoff/baumit-kalkin-kalkputz-25kg/,Baumit Kalkin Kalkputz kg,Innenausbau,Innenputz,2023-01-09,,1 Sack Restbestand  https://www.baumit-selbermachen.de/gesund-wohnen/kalkin-kalkputz-weiss-25-kg_pid_5_8583.html,Neu,5€ / Stück,1 Stück verfügbar,(1 Stück Mindestabnahme),D-54329 Konz,Baumit,{},5.0,1.0,5.0,1.0,5€ / Stück,1 Stück verfügbar,0.0,,[],Encaustic,Sprigs,Pr_20_29_56_82,"Wall, Barriers, Pannels","Covering, Finish",Headwall and swale inlet products,,0.0
3015,79132,https://restado.de/baustoff/baumit-feinspachtelmasse/,Baumit Feinspachtelmasse,Innenausbau,Innenputz,2023-01-09,,"Biete hier 30 Eimer Wand-und Decken Feinspachtelmasse zum Glätten von Oberflächen bis Q4 für den Innenbereich zum Verkauf an Die Spachtelmasse ist von Baumit,der Baumit KlimarFinish ist eine pastöse Kalkspachtelmasse Verbrauch -mit einem Eimer kann eine Fläche von 13,3qm bei 1mm Schichtdicke verspachtelt werden Sprich mit den angebotenen 30 Eimern kann eine Wand-und Deckenfläche von 400qm bearbeitet werden,bei einer Schichtdicke von 1mm,bei 2mm dann die Hälfte u.s.w.",Neu,22€ (VB) / Stück,30 Stück verfügbar,(10 Stück Mindestabnahme),D-16559 Liebenwalde,Baumit,{},22.0,30.0,22.0,30.0,22€ (VB) / Stück,30 Stück verfügbar,0.0,,['https://restado.de/wp-content/uploads/products/2021/07/081fe671-7d39d4bc-ad90-4267-ae77-8fddbf9708ca-scaled.jpeg'],Encaustic,Sprigs,Pr_20_29_56_82,"Wall, Barriers, Pannels","Covering, Finish",Headwall and swale inlet products,,0.0
3016,76406,https://restado.de/baustoff/40x-v2a-schnellputzleisten-10mm-25m/,"x Va Schnellputzleisten mm , m",Innenausbau,Innenputz,2023-01-09,, ,Neu,200€ (VB) Paketpreis,40 Stück verfügbar,(40 Stück Mindestabnahme),D-47877 Willich,,{},200.0,40.0,200.0,40.0,200€ (VB) Paketpreis,40 Stück verfügbar,0.0,,['https://restado.de/wp-content/uploads/products/2021/06/6224a984-schnellputzprofil_1201.jpg'],Encaustic,Sprigs,Pr_20_29_56_82,"Wall, Barriers, Pannels","Covering, Finish",Headwall and swale inlet products,,0.0
3017,76412,https://restado.de/baustoff/88x-schnellputzleisten-6mm-25m/,"x Schnellputzleisten mm , m",Innenausbau,Innenputz,2023-01-09,, ,Neu,176€ Paketpreis,88 Stück verfügbar,(88 Stück Mindestabnahme),D-47877 Willich,,{},176.0,88.0,176.0,88.0,176€ Paketpreis,88 Stück verfügbar,0.0,,['https://restado.de/wp-content/uploads/products/2021/06/a024bc74-schnellputzprofil_1201.jpg'],Encaustic,Sprigs,Pr_20_29_56_82,"Wall, Barriers, Pannels","Covering, Finish",Headwall and swale inlet products,,0.0
3018,63718,https://restado.de/baustoff/knauf-mp-75/,Knauf,Innenausbau,Innenputz,2023-01-09,, ,Neu,5€ / Stück,1 Stück verfügbar,(1 Stück Mindestabnahme),D-78549 Spaichingen,Knauf,"{""Gebindeart"": ""Sack"", ""Gebindegröße"": ""30 kg"", ""Geeignet als"": ""Oberputz"", ""Putzart"": ""Maschinenputz""}",5.0,1.0,5.0,1.0,5€ / Stück,1 Stück verfügbar,0.0,,['https://restado.de/wp-content/uploads/products/2020/10/1d7bc088-c041e36f-267f-4cf3-908d-07d3c4a5e7a8-scaled.jpeg'],Encaustic,Sprigs,Pr_20_29_56_82,"Wall, Barriers, Pannels","Covering, Finish",Headwall and swale inlet products,,0.0
3019,50306,https://restado.de/baustoff/knauf-sperrgrund-5-kg/,Knauf Sperrgrund kg,Innenausbau,Innenputz,2023-10-16,,"Knauf Sperrgrund 5 kg Aus einer Bestellung vom 13.01.2020, leider wurde zuviel bestellt und ich habe nun insgesamt 5 Eimer übrig. Die Eimer sind Originalverpackt. Rechnung (Hornbach, 13.01.2020) kann vorgelegt werden.  Preis versteht sich pro Eimer mit 5 kg. Neupreis war 29.85 Euro. Wenn alles auf einmal abgenommen wird, können wir einen Guten Preis für beide Seiten finden.",Neu,26€ / Stück,5 Stück verfügbar,(1 Stück Mindestabnahme),D-72348 Rosenfeld,Knauf,{},26.0,5.0,26.0,5.0,26€ / Stück,5 Stück verfügbar,0.0,,['https://restado.de/wp-content/uploads/products/2020/04/5b71b83b-whatsapp-image-2020-03-20-at-10.21.31-1.jpeg.webp'],Encaustic,Sprigs,Pr_20_29_56_82,"Wall, Barriers, Pannels","Covering, Finish",Headwall and swale inlet products,,0.0
3020,50301,https://restado.de/baustoff/knauf-easy-putz-10-mm-20-kg/,"Knauf Easy-Putz , mm kg",Innenausbau,Innenputz,2023-03-15,,"Knauf Easy-Putz 1,0 mm 20 kg Aus einer Bestellung vom 13.01.2020, leider wurde zuviel bestellt und ich habe nun insgesamt 14 Eimer übrig. Die Eimer sind Originalverpackt. Rechnung (Hornbach, 13.01.2020) kann vorgelegt werden.  Preis versteht sich pro Eimer mit 20 kg. Neupreis war 44,55 Euro. Wenn alles auf einmal abgenommen wird, können wir einen Guten Preis für beide Seiten finden.",Neu,40€ (VB) / Stück,14 Stück verfügbar,(1 Stück Mindestabnahme),D-72348 Rosenfeld,Knauf,"{""Gebindeart"": ""Eimer"", ""Gebindegröße"": ""20 kg"", ""Geeignet als"": ""Oberputz"", ""Putzart"": ""Fertigputz"", ""Körnung"": ""1 mm""}",40.0,14.0,40.0,14.0,40€ (VB) / Stück,14 Stück verfügbar,0.0,,['https://restado.de/wp-content/uploads/products/2020/04/8f720a6f-whatsapp-image-2020-03-20-at-09.47.13-1.jpeg.webp'],Encaustic,Sprigs,Pr_20_29_56_82,"Wall, Barriers, Pannels","Covering, Finish",Headwall and swale inlet products,,0.0
3021,44359,https://restado.de/baustoff/holzputz/,Holzputz,Innenausbau,Innenputz,2023-02-28,,"Unser einzigartiger Holzputz besteht aus umweltfreundlich aufbereiteten Holzspänen und ist in verschiedenen Holzarten verfügbar. Einfach zu verarbeiten kann er auf nahezu jedem Untergrund mit einer Tiefengrundierung und im Spachtelverfahren zum Einsatz kommen. Eine spezielle Vorbereitung der Wand ist nicht erforderlich. Als Basis ist der Altputz, Tapeten oder auch alte Farbanstriche in der Regel ausreichend. Nach der Austrocknung erzeugt der Holzputz seine ansprechend natürliche Holzoptik, je nach verwendeter Spanart fein bis mittelgrob strukturiert.  Mehr Infos: picusa.de Der angegebene Preis gilt für einen Sack Holzputz = 12 Liter. Dieser reicht für eine Fläche von ca. 2 qm. Der Putz ist in 3 verschiedenen Sorten lieferbar. Hier angeboten ist der Holzputz in Fichte mittelgrob. Die Versandkosten werden nur 1x berechnet.",Neu,35€ / Stück,100 Stück verfügbar,(1 Stück Mindestabnahme),D-07426 Königsee,Picusa Holzputz,{},35.0,100.0,35.0,100.0,35€ / Stück,100 Stück verfügbar,0.0,,[],Encaustic,Sprigs,Pr_20_29_56_82,"Wall, Barriers, Pannels","Covering, Finish",Headwall and swale inlet products,,0.0
3022,44052,https://restado.de/baustoff/stuckleisten-aus-naturgips/,Stuckleisten aus Naturgips,Innenausbau,Innenputz,2023-01-09,,"Stuckleiste Artikel 1376 statt 9,03€/m bis Samstag, den 07.12.2019 GRATIS.  Gratis Reservierungen bis maximal 100 Meter, größere Mengen auf Anfrage. Wegen Umzug in neue Geschäftsräume, verschenken wir je rechts abgebilderter Position ca. 300 Meter. Schnell sein lohnt sich!  Fabrikneue Stuckleisten in bester 1A Qualität, aus Naturgips sind zu 100% ökologisch und enthalten keine Kunststoffbestandteile. Aufgrund scharfer, ausdrucksstarker Konturen entsteht eine faszinierende Ansichtsoberfläche und Ihre individuelle Wohlfühlatmosphäre.  Die sehr hohe Druckfestigkeit der faserarmierten Stuckleisten, gewährleistet eine leichte Verarbeitung durch Handwerker und private Bauherren. Unsere Stuckleisten aus Wasser und Naturgips sind nicht brennbar, zu 100% ein Stück Natur. Dies sollten Sie bedenken, wenn Sie Dekorleisten aus Kunststoff sehen!  Mein Name ist Axel von der Herberg, ich habe dieses Stuckherstellungsverfahren mit Hochschulen entwickelt und verschiedene, bundesweite Preise hierfür erhalten. Ich freue mich auf Ihre Kontaktaufnahme und beantworten Ihre Fragen sehr gerne!",Neu,0€ (VB) / Stück,300 Stück verfügbar,(1 Stück Mindestabnahme),D-74076 Heilbronn,AH STUCK GmbH,{},0.0,300.0,0.0,300.0,0€ (VB) / Stück,300 Stück verfügbar,0.0,,[],Encaustic,Sprigs,Pr_20_29_56_82,"Wall, Barriers, Pannels","Covering, Finish",Headwall and swale inlet products,,0.0
3023,42328,https://restado.de/baustoff/fermacell-feinspachtel/,Fermacell Feinspachtel,Innenausbau,Innenputz,2023-01-09,,Fermacell Feinspachtel. Wird nach dem Aufbringen des Fugenspachtels für absolut glatte Oberflächen verwendet. Artikel ist original verschlossen.,Neu,5€ (VB) / Stück,1 Stück verfügbar,(1 Stück Mindestabnahme),D-75382 Althengstett,Fermacell,{},5.0,1.0,5.0,1.0,5€ (VB) / Stück,1 Stück verfügbar,0.0,,[],Encaustic,Sprigs,Pr_20_29_56_82,"Wall, Barriers, Pannels","Covering, Finish",Headwall and swale inlet products,,0.0
3024,34472,https://restado.de/baustoff/feucht-spezialputz-zur-sanierung-feuchter-waende/,Feucht-Spezialputz zur Sanierung feuchter Wände,Innenausbau,Innenputz,2023-01-09,,"Botament Renovation FSP - Sanierung feuchter Wände, schnell und einfach - direkter Auftrag auf dem feuchten Untergrund - Feuchte- und klimaregulierend",Neu,42€ (VB) / Stück,48 Stück verfügbar,(1 Stück Mindestabnahme),D-85221 Dachau,Botament,{},42.0,48.0,42.0,48.0,42€ (VB) / Stück,48 Stück verfügbar,0.0,,[],Encaustic,Sprigs,Pr_20_29_56_82,"Wall, Barriers, Pannels","Covering, Finish",Headwall and swale inlet products,,0.0
3025,33327,https://restado.de/baustoff/wima-color-innenputz-mp-weiss/,Wima color innenputz weiß,Innenausbau,Innenputz,2023-06-20,, ,Neu,210€ (VB) Paketpreis,7 Stück verfügbar,(7 Stück Mindestabnahme),D-73434 Aalen,,{},210.0,7.0,210.0,7.0,210€ (VB) Paketpreis,7 Stück verfügbar,0.0,,[],Encaustic,Sprigs,Pr_20_29_56_82,"Wall, Barriers, Pannels","Covering, Finish",Headwall and swale inlet products,,0.0
3026,31389,https://restado.de/baustoff/haga-bio-grundputz-kalkputz-74-saecke-a-25kg-2/,"Haga Bio Grundputz , Kalkputz , Säcke á kg",Innenausbau,Innenputz,2023-01-09,,"Servus, wir haben von unserer Wohnungssanierung 74 Sack (2 Paletten) Grundputz übrig. Geliefert wurden sie vor 1 Monat und seitdem trocken gelagert (Rechnung vorhanden).  Internetpreis ist um die 15€ pro Sack, wir würden sie gerne im gesamten abgeben, bzw. einzeln nach Absprache.  Standort aktuell Mömbris bei Aschaffenburg.  Am 14.12. werden wir vorraussichtlich mit einem LKW von Aschaffenburg nach München (Poing) fahren, da könnten wir nach Anzahlung die beiden Paletten entlang der Route auch liefern.  Bei Rückfragen bitte fragen!",Neu,10€ / Stück,74 Stück verfügbar,(1 Stück Mindestabnahme),D-85586 Poing,,{},10.0,74.0,10.0,74.0,10€ / Stück,74 Stück verfügbar,0.0,,[],Encaustic,Sprigs,Pr_20_29_56_82,"Wall, Barriers, Pannels","Covering, Finish",Headwall and swale inlet products,,0.0
3027,29318,https://restado.de/baustoff/dekorputz-1mm-15mm-20mm-koernung/,"Dekorputz mm , , mm , , mm Körnung",Innenausbau,Innenputz,2023-03-10,,"Gebrauchsfertiger Putz Körnung in weiß für Innen und Außen.  Körnung in 1,0mm, 1,5mm oder 2,0mm. Bis Körnung 1,5mm auch als Spritzputz geeignet. 15kg Eimer - Lieferung pro Palette = 33 Eimer + 15kg = 495kg.  Mindestbestellmenge 1 Palette.   Versandkosten auf Anfrage, Lieferzeit 2-3 Wochen",Neu,28€ (VB) / Stück,1 Stück verfügbar,(33 Stück Mindestabnahme),D-34497 Korbach,,{},28.0,1.0,28.0,1.0,28€ (VB) / Stück,1 Stück verfügbar,0.0,,[],Encaustic,Sprigs,Pr_20_29_56_82,"Wall, Barriers, Pannels","Covering, Finish",Headwall and swale inlet products,,0.0
3028,26283,https://restado.de/baustoff/baumit-ll66-plus-luftporenputz-20x/,Baumit Plus luftporenputz x,Innenausbau,Innenputz,2023-05-21,,"20 Saecke, nur 2,50 pro St. Abholen in Kinheim, 54538.  Direkt an der Hauptstr. tel: 0151-18666930",Neu,40€ Paketpreis,20 Stück verfügbar,(20 Stück Mindestabnahme),D-54538 Bengel,,{},40.0,20.0,40.0,20.0,40€ Paketpreis,20 Stück verfügbar,0.0,,[],Encaustic,Sprigs,Pr_20_29_56_82,"Wall, Barriers, Pannels","Covering, Finish",Headwall and swale inlet products,,0.0
3029,25704,https://restado.de/baustoff/otterbein-calcea-kalkfeinputz-oberputz/,Otterbein Calcea Kalkfeinputz Oberputz,Innenausbau,Innenputz,2023-01-09,,"Kalkfeinputz Oberputz der Firma Otterbein 25kg. Bei Fragen, können Sie sich jederzeit melden.",Neu,6€ (VB) / Stück,1 Stück verfügbar,(7 Stück Mindestabnahme),D-45279 Essen,,{},6.0,1.0,6.0,1.0,6€ (VB) / Stück,1 Stück verfügbar,0.0,,[],Encaustic,Sprigs,Pr_20_29_56_82,"Wall, Barriers, Pannels","Covering, Finish",Headwall and swale inlet products,,0.0
3030,13488,https://restado.de/baustoff/procrea-lehmplatte-125-x-25-x-25/,ProCrea Lehmplatte x x,Innenausbau,Innenputz,2023-01-09,,"21 Stück = ca. 6,50 m² Lehmbauplatte  Maße: 125 x 25 x 25  Datenblatt konnte leider nicht hochgeladen werden,  kann aber gerne nachgereicht werden.  Nur Selbstabholung  Dies ist ein Privatverkauf ohne Garantie und Rückgaberecht",Neu,"3,10€ / Stück",21 Stück verfügbar,(1 Stück Mindestabnahme),Neu,,{},3.1,21.0,3.1,21.0,"3,10€ / Stück",21 Stück verfügbar,0.0,,[],Encaustic,Sprigs,Pr_20_29_56_82,"Wall, Barriers, Pannels","Covering, Finish",Headwall and swale inlet products,,0.0
3031,13109,https://restado.de/baustoff/glasfasergewebe-von-wdvs-165-g-m2/,Glasfasergewebe von g/m,Innenausbau,Innenputz,2023-01-09,,Größe 1 x 50 m.,Neu,30€ (VB) / Stück,3 Stück verfügbar,(1 Stück Mindestabnahme),Neu,,{},30.0,3.0,30.0,3.0,30€ (VB) / Stück,3 Stück verfügbar,0.0,,[],Encaustic,Sprigs,Pr_20_29_56_82,"Wall, Barriers, Pannels","Covering, Finish",Headwall and swale inlet products,,0.0
3032,12882,https://restado.de/baustoff/19-saecke-je-25-kg-oberputz/,säcke je kg Oberputz,Innenausbau,Innenputz,2023-01-09,,"Knauf SM 700 Pro zu 50% des Großhandelspreis abzugeben! Bei Abnahme von allen 19 Säcken statt 750,- 300,-!!",Neu,15€ (VB) / Stück,19 Stück verfügbar,(1 Stück Mindestabnahme),Neu,,{},15.0,19.0,15.0,19.0,15€ (VB) / Stück,19 Stück verfügbar,0.0,,[],Encaustic,Sprigs,Pr_20_29_56_82,"Wall, Barriers, Pannels","Covering, Finish",Headwall and swale inlet products,,0.0
3033,12519,https://restado.de/baustoff/redstone-secco-sperrputz-25-kg-plus-rest-grundierung/,"Redstone Secco Sperrputz , kg plus Rest Grundierung",Innenausbau,Innenputz,2023-01-09,1690675200000.0,Nach Abschluss meiner Tankraumsanierung habe ich noch einen ganzen Sack Sperrputz übrig (Kauf Oktober 2017). Neupreis liegt bei circa 60€. Ich habe auch noch einen Rest Grundierung von Redstone übrig. Den würde ich wenn gewünscht kostenfrei mitgeben.,Neu,40€ / Stück,1 Stück verfügbar,(1 Stück Mindestabnahme),Neu,,{},40.0,1.0,40.0,1.0,40€ / Stück,1 Stück verfügbar,1.0,17452800000.0,[],Encaustic,Sprigs,Pr_20_29_56_82,"Wall, Barriers, Pannels","Covering, Finish",Headwall and swale inlet products,202.0,0.0
3034,12487,https://restado.de/baustoff/knauf-rotkalk-fein-06mm-unterputz-oberputz-fuer-innen-u-aussen/,"Knauf Rotkalk Fein , mm Unterputz & -Oberputz für Innen u. Außen",Innenausbau,Innenputz,2023-01-09,,"Wir verkaufen 40 Sack vom Knauf Rotkalk Fein 0,6mm. Es ist ein idealer Unterputz & -Oberputz für Innen u. Außen. Sehr gute Verarbeitungseigenschaften.  Kalk-Oberputz mit Kaolin und Ziegelmehl zur Herstellung gefilzter oder frei strukturierter Oberflächen im Innen- und Außenbereich. Innen als Kalk-Dünnputz direkt auf Plansteinmauerwerk und Betonwänden sowie Decken, ggf. nach Vorbehandlung zu verwenden.  Rotkalk Fein ist optimal auf den Unterputz Rotkalk Grund abgestimmt. Ideal im Bereich der Denkmalpflege bei denen Kalkputze nach historischem Vorbild gefragt sind, als Armiermörtel für Rotkalk in-System oder als System Unter- und Oberputz.  Preis gilt pro Sack. Bei Einzelsäcken Nur Abholung möglich Bei Abnahme der Palette mit 36 Stück ist eine Fracht per Spedition möglich. Kosten werden dann berechnet  Die Ware steht trocken, ist noch vom Hersteller eingeschweißt und steht unter dem Dach. Ware wurde Januar 2018 gekauft - ",Neu,20€ / Stück,40 Stück verfügbar,(1 Stück Mindestabnahme),D-74245 Löwenstein,,{},20.0,40.0,20.0,40.0,20€ / Stück,40 Stück verfügbar,0.0,,[],Encaustic,Sprigs,Pr_20_29_56_82,"Wall, Barriers, Pannels","Covering, Finish",Headwall and swale inlet products,,0.0
3409,122533,https://restado.de/baustoff/korkgranulat/,korkgranulat,Fassade,Fassadendämmung,2023-03-31,1680825600000.0,"expandierter Korkschrot, Körnung: 3 - 5 mm",Neuwertig,10.000€ (VB) Paketpreis,50 m³ verfügbar,(50 m³ Mindestabnahme),Neuwertig,,"{""Material"": ""Korkgranulat- expandierter Dämmkork, Körnung 1-10mm"", ""Brandschutzklasse"": ""B2 (normal entflammbar)""}",10000.0,50.0,10000.0,50.0,10.000€ (VB) Paketpreis,50 m³ verfügbar,1.0,604800000.0,[],Silt,Sprigs,Pr_20_29_56_82,"Wall, Barriers, Pannels","Covering, Finish",Headwall and swale inlet products,7.0,0.0
3410,122116,https://restado.de/baustoff/rockwool-frontrock-160mm/,Rockwool Frontrock mm,Fassade,Fassadendämmung,2023-08-04,, ,Neu,20€ (VB) / Stück,20 Stück verfügbar,(1 Stück Mindestabnahme),D-91257 Pegnitz,Rockwool,"{""Material"": ""Glaswolle"", ""Wärmeleitgruppe"": ""035"", ""Brandschutzklasse"": ""A1 (Nicht brennbar)""}",20.0,20.0,20.0,20.0,20€ (VB) / Stück,20 Stück verfügbar,0.0,,[],Silt,Sprigs,Pr_20_29_56_82,"Wall, Barriers, Pannels","Covering, Finish",Headwall and swale inlet products,,0.0
3436,122740,https://restado.de/baustoff/protektor-galerieschiene-bilderleiste-einputzschiene-unterputzschiene/,- Galerieschiene - Bilderleiste - Einputzschiene - Unterp…,Innenausbau,Innenputz,2023-03-30,,"Abzugeben sind 33 Galerieschienen aus dem Überschuss eines Neubaus. Nur Selbstabholung.  Die Länge je Schiene beträgt 2,50m. D. h., die Gesamtlänge der Galerieschienen beträgt 33 x 2,50m = 82,50m  Marke: PROTEKTOR.  - Zum variablen Aufhängen von Bildern etc.. - Nahezu unsichtbar.  - Zum Einputzen, ab 10mm Putzstärke.  - Vor dem Aufbringen des Wandputzes werden die Schienen auf der Rohbauwand fixiert. - Belastung: max. 0,1 kN pro Haken und Meter. - Einhängenut für die Haken muss zur Wand hin abfallend sein.",Neu,415€ Paketpreis,83 lfm verfügbar,(83 lfm Mindestabnahme),D-52428 Jülich,,{},415.0,83.0,415.0,83.0,415€ Paketpreis,83 lfm verfügbar,0.0,,"['https://restado.de/wp-content/uploads/products/2023/03/e43dd206-bilderleiste-einputzschiene-5.jpg', 'https://restado.de/wp-content/uploads/products/2023/03/5ca61ead-pu_1110_kz_hr_co.jpg', 'https://restado.de/wp-content/uploads/products/2023/03/71010004-bilderleiste-einputzschiene-1.jpg', 'https://restado.de/wp-content/uploads/products/2023/03/f7429f94-bilderleiste-einputzschiene-2.gif', 'https://restado.de/wp-content/uploads/products/2023/03/35b98f6e-bilderleiste-einputzschiene-4.jpg', 'https://restado.de/wp-content/uploads/products/2023/03/79832c47-bilderleiste-einputzschiene-3.jpg']",Encaustic,Sprigs,Pr_20_29_56_82,"Wall, Barriers, Pannels","Covering, Finish",Headwall and swale inlet products,,0.0
3458,126606,https://restado.de/baustoff/rest-baustoffe-von-waermedaemmung/,Rest Baustoffe von Wärmedämmung,Fassade,Fassadendämmung,2023-05-01,,,,,,,,,,,,,,,,0.0,,['https://restado.de/wp-content/uploads/products/2023/06/ed88816f-img_0123-scaled.jpeg'],Silt,Sprigs,Pr_20_29_56_82,"Wall, Barriers, Pannels","Covering, Finish",Headwall and swale inlet products,,
3509,128302,https://restado.de/baustoff/rockwool-fixrock-035-steinwolle-daemmung-1000x625x60-mm/,"Rockwool Fixrock , Steinwolle Dämmung xx mm",Fassade,Fassadendämmung,2023-06-28,1696896000000.0,,,,,,,,,,,,,,,1.0,8985600000.0,['https://restado.de/wp-content/uploads/products/2023/06/6f78b3ce-8236-47c8-9180-407ea25167ff.jpeg'],Silt,Sprigs,Pr_20_29_56_82,"Wall, Barriers, Pannels","Covering, Finish",Headwall and swale inlet products,104.0,
3572,128773,https://restado.de/baustoff/fassadendaemmung/,Fassadendämmung,Fassade,Fassadendämmung,2023-07-15,,"Wir haben insgesamt 170 m2 an Fassadendämmung in Grau zu verkaufen, pro Paket 1m2 (sprich 170 Pakete).  Maße: 1000mmx500 mm mit einer Stärke von 180 mm  Nur Abholung.  Privatverkauf daher keine Garantie oder Rücknahme",Neuwertig,2.800€ / Stück,,(100 Stück Mindestabnahme),D-32339 Espelkamp,Weber,"{""Wärmeleitgruppe"": ""032"", ""Dämmstärke"": ""180 mm"", ""Brandschutzklasse"": ""B1 (schwerentflammbar)""}",2800.0,,2800.0,,,,0.0,,['https://restado.de/wp-content/uploads/products/2023/06/39e197ea-b60a4ceb-8716-4c54-aa78-92573dfcb788.jpeg'],Silt,Sprigs,Pr_20_29_56_82,"Wall, Barriers, Pannels","Covering, Finish",Headwall and swale inlet products,,
3576,128894,https://restado.de/baustoff/stolit-qs-k-20-weiss-25-kg-eimer/,"x Stolit , weiß - kg Eimer",Fassade,Aussenputz,2023-07-16,, ,Neu,80€ (VB) / Stück,,(1 Stück Mindestabnahme),D-91315 Höchstadt,Sto,"{""Putzstruktur"": ""Kratzputz"", ""Kornstärke"": ""2 mm"", ""Gebindegröße"": ""25 kg""}",80.0,,80.0,,,,0.0,,['https://restado.de/wp-content/uploads/products/2023/06/9fec4c74-11.jpg'],Pisé,Sprigs,Pr_20_29_56_82,"Wall, Barriers, Pannels","Covering, Finish",Headwall and swale inlet products,,
3577,128899,https://restado.de/baustoff/43-x-stoarmat-classic-plus-qs-f/,x StoArmat Classic Plus,Fassade,Aussenputz,2023-07-26,, ,Neu,130€ (VB) / Stück,,(1 Stück Mindestabnahme),D-91315 Höchstadt,Sto,"{""Material"": ""Organische, zementfreie Armierungsmasse/Unterputz mit frühregenfesten Eigenschaften"", ""Gebindegröße"": ""25 kg""}",130.0,,130.0,,,,0.0,,['https://restado.de/wp-content/uploads/products/2023/06/3995dca4-12.jpg'],Pisé,Sprigs,Pr_20_29_56_82,"Wall, Barriers, Pannels","Covering, Finish",Headwall and swale inlet products,,
3578,128051,https://restado.de/baustoff/sto-2/,Sto,Fassade,Aussenputz,2023-07-16,,"Verkaufe übrig gebliebende Materialien von Sto Wie auf den Bildern zu sehen Bitte nur abholen da die Sachen zum versenden zu schwer wären und der Versand extrem teuer wäre  Alle eimer sind noch verschlossen und ungeöffnet Dabei sind noch 27 sto eckprofile Und 1 rolle sto gewebeband  Stolit k 2x StoPrep Contact 1x StoFlexyl 4x StoColor Silco 3x  Ich denke,wenn man die Preise im Netz vergleicht,ist mein Angebot fair  Bei Interesse gern melden Abzuholen in Lohra  Verkauf wird das was auf den Fotos zu sehen ist",Neu,2.000€ / Stück,,(1 Stück Mindestabnahme),D-35102 Lohra,,{},2000.0,,2000.0,,,,0.0,,['https://restado.de/wp-content/uploads/products/2023/06/b1e643a2-20230602_143517-scaled.jpg'],Pisé,Sprigs,Pr_20_29_56_82,"Wall, Barriers, Pannels","Covering, Finish",Headwall and swale inlet products,,
3579,124601,https://restado.de/baustoff/ceresit/,Ceresit,Fassade,Aussenputz,2023-07-22,, ,Neu,45€ (VB) / Stück,,(1 Stück Mindestabnahme),AT-4663 Laakirchen,,{},45.0,,45.0,,,,0.0,,['https://restado.de/wp-content/uploads/products/2023/04/55244860-screenshot_20230418_175804_willhaben.jpg'],Pisé,Sprigs,Pr_20_29_56_82,"Wall, Barriers, Pannels","Covering, Finish",Headwall and swale inlet products,,
3580,106035,https://restado.de/baustoff/selbstklebende-anputzdichtleiste-putz-glasfasergewebe-schutzlippe/,Selbstklebende Anputzdichtleiste Putz Glasfasergewebe Schutzlippe,Fassade,Aussenputz,2023-07-16,,"16 St. Selbstklebende Anputzdichtleiste aus weißem PVC mit alkalibeständigem Glasfasergewebe, Schutzlippe und abreißbarer Klebelasche für Folienabdeckung. Schaumstoffband selbstklebend. Zur Herstellung optisch und technisch einwandfreier Laibungsanschlüsse.  PRIVATVERKAUF  keine Rückgabe, Garantie etc., Irrtum vorbehalten.",Neu,48€ Paketpreis,,(16 Stück Mindestabnahme),D-90547 Stein,,{},48.0,,48.0,,,,0.0,,"['https://restado.de/wp-content/uploads/products/2022/05/802a048e-profil.jpg', 'https://restado.de/wp-content/uploads/products/2022/05/74156182-sockelleiste.jpg']",Pisé,Sprigs,Pr_20_29_56_82,"Wall, Barriers, Pannels","Covering, Finish",Headwall and swale inlet products,,
3581,90840,https://restado.de/baustoff/sto-strukturputz-k-30-mineralischer-oberputz-25-kg-sto-strukturputz-002/,"Sto- Strukturputz , Mineralischer Oberputz kg Sto-Strukturp…",Fassade,Aussenputz,2023-07-22,, ,Neu,25€ / Stück,,(1 Stück Mindestabnahme),D-75223 Niefern-Öschelbronn,Sto,"{""Material"": ""Mineralischer Oberputz"", ""Putzstruktur"": ""Kratzputz"", ""Kornstärke"": ""3 mm"", ""Gebindegröße"": ""25 kg""}",25.0,,25.0,,,,0.0,,['https://restado.de/wp-content/uploads/products/2022/02/d4e6cb0e-dsc_0626-scaled.jpg'],Pisé,Sprigs,Pr_20_29_56_82,"Wall, Barriers, Pannels","Covering, Finish",Headwall and swale inlet products,,
3582,84301,https://restado.de/baustoff/waermedaemmputz/,Wärmedämmputz,Fassade,Aussenputz,2023-07-22,," Es wird direkt an der Außenseite von Gebäuden, Säulen, Balken, Roh- und Feinputz, Ziegel und Bims verwendet. Vor Anwendung auf Sichtbeton, Porenbeton und lackierten Oberflächen ist die Verwendung eines Primers erforderlich.",Neu,"27,99€ / Stück",,(1.000 Stück Mindestabnahme),D-71336 Waiblingen,Knauf,"{""Kornstärke"": ""2 mm"", ""Gebindegröße"": ""10kg""}",27.99,,27.99,,,,0.0,,['https://restado.de/wp-content/uploads/products/2021/10/94133b3e-1_3d.jpg'],Pisé,Sprigs,Pr_20_29_56_82,"Wall, Barriers, Pannels","Covering, Finish",Headwall and swale inlet products,,
3583,83736,https://restado.de/baustoff/weber-saint-gobain/,Weber Saint-Gobain,Fassade,Aussenputz,2023-07-25,, ,Neu,15€ / Stück,,(1 Stück Mindestabnahme),D-41564 Kaarst,,{},15.0,,15.0,,,,0.0,,['https://restado.de/wp-content/uploads/products/2021/10/ad7b4e21-cd9a929c-d8c1-484c-930e-750f0a3e450a-scaled.jpeg'],Pisé,Sprigs,Pr_20_29_56_82,"Wall, Barriers, Pannels","Covering, Finish",Headwall and swale inlet products,,
3584,80094,https://restado.de/baustoff/sm-700/,,Fassade,Aussenputz,2023-07-22,,Knauf SM700,Neu,40€ / Stück,,(1 Stück Mindestabnahme),D-92360 Mühlhausen,,{},40.0,,40.0,,,,0.0,,[],Pisé,Sprigs,Pr_20_29_56_82,"Wall, Barriers, Pannels","Covering, Finish",Headwall and swale inlet products,,
3585,70287,https://restado.de/baustoff/scheibenputz-baumit-25kg/,Scheibenputz BauMit kg,Fassade,Aussenputz,2023-07-13,,Die Säcke sind Neu! Nur für Selbstabholer!,Neu,5€ / Stück,,(5 Stück Mindestabnahme),D-80331 Munich,BauMit,"{""Material"": ""Mineralischer Oberputz"", ""Putzstruktur"": ""Scheibenputz"", ""Kornstärke"": ""1,5 mm"", ""Gebindegröße"": ""25 kg"", ""Verarbeitung"": ""Manuell""}",5.0,,5.0,,,,0.0,,['https://restado.de/wp-content/uploads/products/2021/02/4b7dfd9f-e6a3e929-03d4-4944-97c6-2083d3a2fae7-scaled.jpeg'],Pisé,Sprigs,Pr_20_29_56_82,"Wall, Barriers, Pannels","Covering, Finish",Headwall and swale inlet products,,
3586,53588,https://restado.de/baustoff/faust-sanierputz/,Sanierputz,Fassade,Aussenputz,2023-07-28,,Wir bieten hier 10 Säcke Faust Sanierputz an der Trocken und wettergeschützt eingelagert ist. Beschreibung siehe Bilder. Das Herstellerdatenblatt steht auf der Rückseite. Abfülldatum ist 2012. Material ist verarbeitbar und nicht verklumpt etc.,Neu,12€ / Stück,,(1 Stück Mindestabnahme),D-06130 Halle (Saale),,"{""Material"": ""Silikonharzputz"", ""Gebindegröße"": ""30 kg""}",12.0,,12.0,,,,0.0,,"['https://restado.de/wp-content/uploads/products/2020/05/38e0572e-img_20200517_105105_1-scaled.jpg.webp', 'https://restado.de/wp-content/uploads/products/2020/05/022792a2-img_20200517_105109-scaled.jpg.webp', 'https://restado.de/wp-content/uploads/products/2020/05/1b4f0c82-img_20200517_105129-scaled.jpg.webp']",Pisé,Sprigs,Pr_20_29_56_82,"Wall, Barriers, Pannels","Covering, Finish",Headwall and swale inlet products,,
3587,49606,https://restado.de/baustoff/mineral-kratzputz-3-mm/,Mineral Kratzputz mm,Fassade,Aussenputz,2023-07-13,,"Angeboten werden 2 Fässer Mineral Kratzputz 3mm von Alligator. (ca.250 kg) Restmenge übrig geblieben. Trocken gelagert. Verbrauch ca. 3-4 kg/ qm.  Es sind auch noch mehrere Eimer abgefüllt da. (Insgesamt ca. 210 kg).  Komplettpreis bei Komplettabnahme von Fässern und Eimern: 300,-€ Nur Abholung. (Rossau)  Privatverkauf. Keine Rücknahme.",Neu,"1,53€ (VB) / kg",,(250 kg Mindestabnahme),D-09661 Striegistal,,"{""Material"": ""Mineralischer Oberputz"", ""Putzstruktur"": ""Kratzputz"", ""Kornstärke"": ""3 mm"", ""Verarbeitung"": ""Manuell""}",1.53,,1.53,,,,0.0,,[],Pisé,Sprigs,Pr_20_29_56_82,"Wall, Barriers, Pannels","Covering, Finish",Headwall and swale inlet products,,
3588,44099,https://restado.de/baustoff/2-k-bitumen-dickbeschichtung-combiflex-c2-p-schomburg/,Bitumen-Dickbeschichtung Schomburg,Fassade,Aussenputz,2023-07-23,,Preis und Lieferkosten abhängig von Menge und Lieferort,Neu,35€ (VB) / Stück,,(1 Stück Mindestabnahme),Neu,,{},35.0,,35.0,,,,0.0,,[],Pisé,Sprigs,Pr_20_29_56_82,"Wall, Barriers, Pannels","Covering, Finish",Headwall and swale inlet products,,
3589,43867,https://restado.de/baustoff/stolit-k-stoflexyl-sto-armierungsputz/,"Stolit , StoFlexyl & Sto-Armierungsputz",Fassade,Aussenputz,2023-07-16,,"Ich biete: 21 Eimer Stolit K 25kg Kratzputz 3mm Fläche: 4,3kg/m² ergibt gesamt ca. 125m² Farbe: 16069, siehe Bild anbei oder Sto Farbpalette Neupreis pro Eimer: 65€ Die Eimer sind Originalverpackt. https://www.sto.de/de/produkte/produktprogramm/productdetail_201010965.html  Sto-Armierungsputz / Elastofibre Unter-/Grundputz Egalisierungs-/Renovierungsspachtelmasse 3 Eimer 25kg Fläche: ca. 25m² Neupreis pro Eimer: 88€ https://www.sto.de/de/produkte/produktprogramm/productdetail_201010710.html  StoFlexyl 3 Eimer 18kg Fläche: Ergibt als Grundierung ca. 100m² Ergibt als Armierung ca. 42m² Ergibt als Abdichtung ca. 15m² Neupreis pro Eimer: 146€ https://www.sto.de/de/produkte/produktprogramm/productdetail_201010721.html  Gesamtneupreis ca. 2000€  Teilverkauf möglich, nur Abholung gegen Barzahlung",Neu,1.500€ (VB) / Stück,,(1 Stück Mindestabnahme),D-88416 Steinhausen an der Rottum,,{},1500.0,,1500.0,,,,0.0,,[],Pisé,Sprigs,Pr_20_29_56_82,"Wall, Barriers, Pannels","Covering, Finish",Headwall and swale inlet products,,
3590,40924,https://restado.de/baustoff/zementmoertel/,Zementmörtel,Fassade,Aussenputz,2023-07-16,,Verschiedene Baustoffe für insgesamt 30€ abzugeben. Kein Versand. Kann natürlich vorher begutachtet werden.  Auswahl siehe Bilder. Alle unbenutzt und erst vor kurzem gekauft.,Neu,30€ (VB) / Stück,,(1 Stück Mindestabnahme),D-63486 Bruchköbel,Knauf,"{""Material"": ""Normalputz""}",30.0,,30.0,,,,0.0,,[],Pisé,Sprigs,Pr_20_29_56_82,"Wall, Barriers, Pannels","Covering, Finish",Headwall and swale inlet products,,
3591,40890,https://restado.de/baustoff/oberputz/,Oberputz,Fassade,Aussenputz,2023-07-17,,/Users/jue/Desktop/TI-HSS.pdf,Neu,8€ (VB) / Stück,,(1 Stück Mindestabnahme),D-22529 Hamburg,,"{""Material"": ""Mineralischer Oberputz"", ""Putzstruktur"": ""Kratzputz"", ""Kornstärke"": ""3 mm"", ""Gebindegröße"": ""30 kg""}",8.0,,8.0,,,,0.0,,[],Pisé,Sprigs,Pr_20_29_56_82,"Wall, Barriers, Pannels","Covering, Finish",Headwall and swale inlet products,,
3592,40884,https://restado.de/baustoff/armierungsputz/,Armierungsputz,Fassade,Aussenputz,2023-08-01,, ,Neu,21€ (VB) Paketpreis,,(3 Stück Mindestabnahme),D-22529 Hamburg,,"{""Gebindegröße"": ""20 kg""}",21.0,,21.0,,,,0.0,,[],Pisé,Sprigs,Pr_20_29_56_82,"Wall, Barriers, Pannels","Covering, Finish",Headwall and swale inlet products,,
3593,38425,https://restado.de/baustoff/6-sack-a-25kg-remmers-betofix-fill-betonspachtel/,Sack a. Kg Remmers Betofix Fill Betonspachtel,Fassade,Aussenputz,2023-07-27,,Ich verkaufe hier 6 Sack Remmers Betofix Fill PCC Feinspachtel für egalisierte Betonflächen innen und außen. Verkauf aus Überbestellung zum Sonderpreis von 35€/25Kg Sack,Neu,210€ (VB) Paketpreis,,(6 Stück Mindestabnahme),D-65620 Waldbrunn,,"{""Gebindegröße"": ""25 kg""}",210.0,,210.0,,,,0.0,,[],Pisé,Sprigs,Pr_20_29_56_82,"Wall, Barriers, Pannels","Covering, Finish",Headwall and swale inlet products,,
3594,32975,https://restado.de/baustoff/sto-levell-duo-plus-qs/,Sto levell duo plus qs,Fassade,Aussenputz,2023-07-17,, ,Neu,10€ / Stück,,(1 Stück Mindestabnahme),D-10119 Berlin,,{},10.0,,10.0,,,,0.0,,[],Pisé,Sprigs,Pr_20_29_56_82,"Wall, Barriers, Pannels","Covering, Finish",Headwall and swale inlet products,,
3595,13843,https://restado.de/baustoff/weber-top-203-aquabalance-kratzputz-2mm/,Weber.top Aquabalance Kratzputz mm,Fassade,Aussenputz,2023-07-10,,Weber.top 203 Aquabalance Kratzputz 2mm Farbe grau Sackweise oder Palettenweise. Sack je 6 Euro Lieferung gegen Aufpreis möglich. 6 Paletten vorhandenen,Neu,"0,35€ (VB) / kg",,(30 kg Mindestabnahme),D-66386 Sankt Ingbert,,{},0.35000000000000003,,0.35000000000000003,,,,0.0,,[],Pisé,Sprigs,Pr_20_29_56_82,"Wall, Barriers, Pannels","Covering, Finish",Headwall and swale inlet products,,
3596,12173,https://restado.de/baustoff/hasit-252-renovierstrukturputz-1mm-korn/,"Renovierstrukturputz , ,mm Korn\ ''",Fassade,Aussenputz,2023-07-16,,"Verkaufen 100Sack HASIT 252 Renoviertstrukturputz, hellgrau eingefärbt, An Selbstabholer. Verfügbare Menge: 3To. / 100Sack a 30kg Farbton eingefärbt nach ,,MAXIT 30196'' Körnung: 1mm ",Neu,"4,80€ / Säcke",,(10 Säcke Mindestabnahme),Neu,,{},4.8,,4.8,,,,0.0,,[],Pisé,Sprigs,Pr_20_29_56_82,"Wall, Barriers, Pannels","Covering, Finish",Headwall and swale inlet products,,
3597,8478,https://restado.de/baustoff/apu-w-28-bio-teleskop-gewebeleiste-966m/,"Bio Teleskop-Gewebeleiste , m",Fassade,Aussenputz,2023-07-13,,"Verkaufe APU - Leisten, die bei unserer umfassenden Sanierung übrig geblieben sind.   Es handelt sich um die o.g. Leisten. 28 Stk a 2,40m!  Neupreis lag bei 3,45€/m",Neu,7€ / Stück,,(inkl. 19% MwSt.),Neu,,{},7.0,,7.0,,,,0.0,,[],Pisé,Sprigs,Pr_20_29_56_82,"Wall, Barriers, Pannels","Covering, Finish",Headwall and swale inlet products,,
3598,3978,https://restado.de/baustoff/sto-stolit-qs-k-2mm/,Sto Stolit mm,Fassade,Aussenputz,2023-07-17,,"Verkaufe eine gesamte Palette mit insgesamt 27 Eimern mit je 25kg STO Stolit QS K. Außenputz Eimer sind Frostfrei gelagert.  Bei 27 Eimern sind das Knapp 41€ pro Eimer, absoluter Kampfpreis gegenüber dem Preis im Handel.  Noch schnell zuschlagen, bevor der Frühling kommt und man sofort loslegen kann!",Neu,41€ (VB) / Stück,,(1 Stück Mindestabnahme),Neu,,{},41.0,,41.0,,,,0.0,,[],Pisé,Sprigs,Pr_20_29_56_82,"Wall, Barriers, Pannels","Covering, Finish",Headwall and swale inlet products,,
3599,2801,https://restado.de/baustoff/edelkratzputz-weber-top-204-dunkelgrau/,Edelkratzputz weber.top dunkelgrau,Fassade,Aussenputz,2023-07-10,,"weber.top 204 mit Aquabalance, 3 mm-Körnung, 38 Sack á 30 kg für ca. 53 qm, Neupreis 800,- € für 300,- € VB an Selbstabholer in Köln-Widdersdorf zu verkaufen",Neu,266€ (VB) Paketpreis,,(38 Stück Mindestabnahme),Neu,,{},266.0,,266.0,,,,0.0,,[],Pisé,Sprigs,Pr_20_29_56_82,"Wall, Barriers, Pannels","Covering, Finish",Headwall and swale inlet products,,
3600,1933,https://restado.de/baustoff/klebe-und-armiermrtel/,Klebe- und Armiermörtel,Fassade,Aussenputz,2023-07-27,,"Da ich nur ein wenig davon benötigt habe, möchte ich den Rest nun gerne günstig abgeben.    Schauen Sie gerne auch nach meiner anderen Anzeige, hier biete ich die passenden Styropor platten an.",Neuwertig,"9,50€ (VB) / Stück",,(1 Stück Mindestabnahme),Neuwertig,,{},9.5,,9.5,,,,0.0,,[],Pisé,Sprigs,Pr_20_29_56_82,"Wall, Barriers, Pannels","Covering, Finish",Headwall and swale inlet products,,
3857,137959,https://restado.de/baustoff/oryza-aerogeldaemmmatten/,Oryza Aerogeldämmmatten,Fassade,Fassadendämmung,2023-08-27,,"Rolle mit 20 Meter Aerogel Dämmmatte in 150 cm Breite,also 30 qm. Originalverpackt, unbenutzt, Reste von Renovierung. Es handelt sich um einen Hochleistungsdämmstoff auf mineralischer Basis. Es sind ganz dünne Matten (1 cm), die enorm gut dämmen, also da geeignet, wo wenig aufgetragen werden kann. Mehr Infos auf der Website von Aerogel-it.de, unter Silikaaerogelblankets, Oryza .  Der Wärmeleitwert ist 0,018 bis 0,020.  Abholung in Göppingen Bei Abnahme mehrerer Rollen würde ich mit dem Preis runter gehen.  Privatverkauf, keine Garantie oder Gewährleistung.",Neu,43€ (VB) / m²,,"(inkl. 19% MwSt., falls anwendbar)",D-73035 Göppingen,,{},43.0,,43.0,,,,0.0,,['https://restado.de/wp-content/uploads/products/2023/10/f9165ab9-img_20231003_221225-450x324.webp'],Silt,Sprigs,Pr_20_29_56_82,"Wall, Barriers, Pannels","Covering, Finish",Headwall and swale inlet products,,
3858,137633,https://restado.de/baustoff/schlagmann-poroton-wdf-daemmziegel-80mm/,Schlagmann Poroton Dämmziegel mm,Fassade,Fassadendämmung,2023-09-19,,Schlagmann Poroton WDF 80 mm Dämmziegel,Neu,"4,50€ (VB) / Stück",,"(inkl. 19% MwSt., falls anwendbar)",D-89174 Altheim,,{},4.5,,4.5,,,,0.0,,['https://restado.de/wp-content/uploads/products/2023/10/a80a6f70-pxl_20230926_160235729-338x450.webp'],Silt,Sprigs,Pr_20_29_56_82,"Wall, Barriers, Pannels","Covering, Finish",Headwall and swale inlet products,,
3859,137290,https://restado.de/baustoff/pavatex-pavatherm-holzfaserdaemmung/,Pavatex Pavatherm Holzfaserdämmung,Fassade,Fassadendämmung,2023-08-25,,"Mit Pavatherm Standard Holzfaserplatten isolieren Sie auf natürliche Weise. Diese druckfesten Holzfaserplatten werden aus Holzspänen hergestellt, die in Sägewerken als Restprodukt anfallen. Die Platten isolieren gut gegen Kälte und Wärme, eignen sich aber auch als Schalldämmung.  Vor- und Nachteile dieser Holzfaserplatte  + Ein natürliches Material + Druckfest und dampfdurchlässig + Isoliert gegen Kälte, Hitze und Lärm - Relativ niedriger Isolierwert  Die Pavatherm Standard Platten sind druckfest und dampfdurchlässig, weshalb sie für das Dach, die Wand, die Fassade und den Boden verwendet werden können. Ist die Umwelt weniger wichtig, aber ein hoher Isolierwert umso mehr? Dann finden Sie in den Stein- oder Glaswolleplatten eine gute Alternative.",Neu,7€ / Stück,,"(inkl. 19% MwSt., falls anwendbar)",D-82152 Planegg,,"{""Dämmstärke"": ""80 mm""}",7.0,,7.0,,,,0.0,,['https://restado.de/wp-content/uploads/products/2023/10/3c0284b6-902290c4-b651-45b5-8e61-3a6b4ba3129f-253x450.webp'],Silt,Sprigs,Pr_20_29_56_82,"Wall, Barriers, Pannels","Covering, Finish",Headwall and swale inlet products,,
3860,137338,https://restado.de/baustoff/saint-gobain-weber-therm-fassadendaemmung-eps-032-standard-g-140-mm-insgesamt-33-m%c2%b2/,Saint-Gobain Weber Therm Fassadendämmung Standard …,Fassade,Fassadendämmung,2023-09-11,,"Saint-Gobain Weber Therm Fassadendämmung EPS 032 Standard -G- 140 mm, 100x50 cm, grau stumpf, Polystyrol, Überschuss aus Fassadendämmungsarbeiten, insg. 22 Pakete (+ 1 Platte) übrig, 33 m² (+0,5 m²) , Selbstabholer",Neu,429€ (VB) Paketpreis,,"(inkl. 19% MwSt., falls anwendbar)",D-53859 Niederkassel,,"{""Anwendungsbereich"": ""Vollwärmeschutz"", ""Material"": ""Polystyrol Perimeter Dämmplatte"", ""Wärmeleitgruppe"": ""032"", ""Dämmstärke"": ""140 mm"", ""Brandschutzklasse"": ""B1 (schwerentflammbar)""}",429.0,,429.0,,,,0.0,,"['https://restado.de/wp-content/uploads/products/2023/10/54557791-20231008_134753-450x373.webp', 'https://restado.de/wp-content/uploads/products/2023/10/ebe78e72-20231008_134906-450x338.webp']",Silt,Sprigs,Pr_20_29_56_82,"Wall, Barriers, Pannels","Covering, Finish",Headwall and swale inlet products,,
3861,137284,https://restado.de/baustoff/rockwool-coverrock-140er-und-200er-f-wdv/,Rockwool - Coverrock er und er f.,Fassade,Fassadendämmung,2023-08-26,,Wir haben unser Haus saniert und bieten nicht verwendete Pakete unserer Dämmung der Fa. Rockwool in verschiedenen Größen 140/200 und Preisen 8€/10€. Folgende Produkte:  13 Pakete Coverrock 200 (10€/qm = 130€) 5 1/2 Pakete Coverrock 140 (8€/qm = 44€)  1 Paket beinhaltet immer 2 Steinwolleplatten zu je 800x625 mm (1qm).,Neu,10€ (VB) / m²,,"(inkl. 19% MwSt., falls anwendbar)",D-72827 Wannweil,Rockwool,"{""Material"": ""Steinwolle"", ""Dämmstärke"": ""Coverrock 140 und 200""}",10.0,,10.0,,,,0.0,,[],Silt,Sprigs,Pr_20_29_56_82,"Wall, Barriers, Pannels","Covering, Finish",Headwall and swale inlet products,,
3862,134881,https://restado.de/baustoff/daemmplatten-mineralwolle-steinwolle-knauf-fkd-max-c2/,Dämmplatten Mineralwolle Steinwolle Knauf,Fassade,Fassadendämmung,2023-09-04,,"Die Putzträgerplatte FKD-MAX C2 aus Steinwolle in der WLS 035 wurde für Wärmedämmverbundsysteme (WDVS) konzipiert und sorgt für Wärme-, Schall- sowie vorbeugenden Brandschutz. Sie verfügt über eine beidseitige, werksseitig aufgebrachte Haftbeschichtung für optimale Putzhaftung.",Neu,150€ Paketpreis,,"(inkl. 19% MwSt., falls anwendbar)",D-09356 Sankt Egidien,,"{""Anwendungsbereich"": ""Vollwärmeschutz"", ""Material"": ""Steinwolle"", ""Wärmeleitgruppe"": ""035"", ""Dämmstärke"": ""200 mm"", ""Brandschutzklasse"": ""A1 (Nicht brennbar)""}",150.0,,150.0,,,,0.0,,"['https://restado.de/wp-content/uploads/products/2023/09/eda83bc0-baustoff2.png', 'https://restado.de/wp-content/uploads/products/2023/09/57ae1b75-baustoff2.png']",Silt,Sprigs,Pr_20_29_56_82,"Wall, Barriers, Pannels","Covering, Finish",Headwall and swale inlet products,,
3864,131239,https://restado.de/baustoff/daemmplatten-2/,Dämmplatten,Fassade,Fassadendämmung,2023-08-20,,Styrodor Wärmedämmung übrig geblieben vom Sanieren,Neuwertig,50€ (VB) / Stück,,"(inkl. 19% MwSt., falls anwendbar)",D-12355 Berlin,nicht bekannt,"{""Anwendungsbereich"": ""Vollwärmeschutz"", ""Material"": ""Styrodor"", ""Dämmstärke"": ""60 mm"", ""Brandschutzklasse"": ""A1 (Nicht brennbar)""}",50.0,,50.0,,,,0.0,,['https://restado.de/wp-content/uploads/products/2023/07/15a6d139-1690101309238-scaled.jpg'],Silt,Sprigs,Pr_20_29_56_82,"Wall, Barriers, Pannels","Covering, Finish",Headwall and swale inlet products,,
3865,130680,https://restado.de/baustoff/daemmung-5/,Dämmung,Fassade,Fassadendämmung,2023-09-23,,Verlaufen 22 Pakete 140mm dämmung mit den Massen 100×50 cm,Neu,374€ Paketpreis,,"(inkl. 19% MwSt., falls anwendbar)",D-70435 Stuttgart,,"{""Anwendungsbereich"": ""Vollwärmeschutz"", ""Wärmeleitgruppe"": ""032"", ""Dämmstärke"": ""140 mm""}",374.0,,374.0,,,,0.0,,['https://restado.de/wp-content/uploads/products/2023/07/90d719f0-20230707_195345-scaled.jpg'],Silt,Sprigs,Pr_20_29_56_82,"Wall, Barriers, Pannels","Covering, Finish",Headwall and swale inlet products,,
3866,130211,https://restado.de/baustoff/vestaeco-strohdaemmplatten/,VestaEco Strohdämmplatten,Fassade,Fassadendämmung,2023-08-21,,VestaEco Walk 60x80x20 original verpackte 8 Paletten aus Mehrbestellung Baustelle.,Neu,5€ (VB) / Palette,,"(inkl. 19% MwSt., falls anwendbar)",D-61479 Glashütten,,"{""Anwendungsbereich"": ""Vollwärmeschutz"", ""Wärmeleitgruppe"": ""040"", ""Dämmstärke"": ""200 mm"", ""Brandschutzklasse"": ""B1 (schwerentflammbar)""}",5.0,,5.0,,,,0.0,,['https://restado.de/wp-content/uploads/products/2023/07/d7c4b126-img_20230704_133725-scaled.jpg'],Silt,Sprigs,Pr_20_29_56_82,"Wall, Barriers, Pannels","Covering, Finish",Headwall and swale inlet products,,
3882,137872,https://restado.de/baustoff/2-sack-caparol-mineral-leichtputz-k30/,Sack Caparol Mineral Leichtputz,Fassade,Aussenputz,2023-09-07,, ,Neu,15€ / Stück,,"(inkl. 19% MwSt., falls anwendbar)",D-64405 Fischbachtal,,"{""Material"": ""Mineralischer Oberputz"", ""Putzstruktur"": ""Kratzputz"", ""Kornstärke"": ""3 mm"", ""Gebindegröße"": ""25 kg""}",15.0,,15.0,,,,0.0,,['https://restado.de/wp-content/uploads/products/2023/10/90286369-img_0290-338x450.webp'],Pisé,Sprigs,Pr_20_29_56_82,"Wall, Barriers, Pannels","Covering, Finish",Headwall and swale inlet products,,
3926,136985,https://restado.de/baustoff/baumit/,Baumit,Innenausbau,Innenputz,2023-08-14,,"Sehr geehrte Damen und Herren, ich bin Vertreter des polnischen Baumit-Händlers. Ich möchte Ihnen eine geschäftlichen Zusammenarbeit anbieten. Unser Lager befindet sich im Nordwesten Polens.  Wenn Sie interessiert sind, schicken Sie mir bitte eine Nachricht. Gerne beantworte ich Ihre Fragen.",Neu,189€ (VB) / Tonnen,,"(inkl. 19% MwSt., falls anwendbar)",PL-78 Szczecinek,,{},189.0,,189.0,,,,0.0,,['https://restado.de/wp-content/uploads/products/2023/09/30d29ceb-logo_gallery-2.png'],Encaustic,Sprigs,Pr_20_29_56_82,"Wall, Barriers, Pannels","Covering, Finish",Headwall and swale inlet products,,
3927,136656,https://restado.de/baustoff/baumit-multifine-rk-70-n/,Baumit multiFine,Innenausbau,Innenputz,2023-08-14,,"Naturweißer Kalk-Feinhaftputz mit hochhydraulischen Zusätzen, für außen und innen, zum Spachteln, Strukturieren, Spritzen, Schlämmen, Abschweißen und Verputzen, Auftragsdicke 2–3 mm. DIN 18550: P II; DIN EN 998-1: GP, CS II, Wc 2.",Neu,20€ / Stück,,"(inkl. 19% MwSt., falls anwendbar)",D-87459 Pfronten,Baumit,{},20.0,,20.0,,,,0.0,,"['https://restado.de/wp-content/uploads/products/2023/09/921632bc-k1024_img_5862.jpg', 'https://restado.de/wp-content/uploads/products/2023/09/24ce14a7-screenshot-2023-09-25-at-11-07-21-multifine-rk-70-n-baumit.de_.png']",Encaustic,Sprigs,Pr_20_29_56_82,"Wall, Barriers, Pannels","Covering, Finish",Headwall and swale inlet products,,
3928,136652,https://restado.de/baustoff/l6blehmpulverkonzentrat/,LBlehmpulverkonzentrat,Innenausbau,Innenputz,2023-08-28,, ,Neuwertig,15€ / Stück,,"(inkl. 19% MwSt., falls anwendbar)",Neuwertig,Ziegelwerk Klaus Huber,"{""Gebindegröße"": ""ca 35 kg"", ""Gebindeart"": ""Sack""}",15.0,,15.0,,,,0.0,,['https://restado.de/wp-content/uploads/products/2023/09/51626285-c84bc1cf-3514-431a-b39c-25c69e2d88ba.jpeg'],Encaustic,Sprigs,Pr_20_29_56_82,"Wall, Barriers, Pannels","Covering, Finish",Headwall and swale inlet products,,
3967,138028,https://restado.de/baustoff/knauf-3/,Knauf,Fassade,Fassadendämmung,2023-10-10,,Knauf WDVS Grau 1000x500x160mm B1-WLG 034 Hartschaum  152 Pakete a 1.5qm - insgesamt 228qm  Meiste Ware steht in Fellbach !!  Ich verkaufe hier nagelneues und verpacktes Knauf Dämmstyropor. Es wurde versehentlich auf meiner Baustelle zu viel bestellt. Es handelt sich um 228 m² Knauf WDV EPS 034 in grau mit einer Stärke von 16 cm. Es eignet sich perfekt zur Dämmung von Außenfassaden.,Neu,3.648€ (VB) Paketpreis,,"(inkl. 19% MwSt., falls anwendbar)",D-71737 Kirchberg an der Murr,Knauf,"{""Anwendungsbereich"": ""Vollwärmeschutz"", ""Material"": ""Styropor"", ""Wärmeleitgruppe"": ""034"", ""Dämmstärke"": ""160 mm"", ""Brandschutzklasse"": ""B1 (schwerentflammbar)""}",3648.0,,3648.0,,,,0.0,,"['https://restado.de/wp-content/uploads/products/2023/10/12d46dbd-c6bc4d48-2e7e-400d-aa6f-e4761a8b61df-450x323.webp', 'https://restado.de/wp-content/uploads/products/2023/10/8ede1bb3-e4f5baa7-9996-472f-a0ed-8a3f6653fa24-450x323.webp']",Silt,Sprigs,Pr_20_29_56_82,"Wall, Barriers, Pannels","Covering, Finish",Headwall and swale inlet products,,
