,Unnamed: 0.1,Unnamed: 0,Title,Condition,eBKP_H,eBKP_H_EN,MateriuumCategory,Category,Category_1,Subcategory,Description,Material,Length,Width,Height,Diameter,Weight,Color,Energy_Efficiency,Availability,FirstPrice,PriceOnDemand,Quantity,Saved,LastPrice,LastUpOn,PriceChange,Sold,SoldAfter,Location,Provider,Store,ID,Country,Language,Imagefile,URL,eBKP_H_Generalized,ElementType,Price,Stock,Dimensions,material,dim,quantity_n,material_emb,Swiss_Raw,Swiss_Code,first_level,second_level,third_level
299,1088,1088,Kühlschrank V-Zug,mixed,['H03.05'],"Catering kitchens: control fittings, appliances",,Ausbau,Küchen & Gastronomie,Apparate & Geräte,"V-Zug EK-1222-E

Spannung: 230 V
Baujahr: 2014
Montage: Einbau

Artikelnr: 110189",,,,,,,,,2022-07-26,299.0,,,1970-01-01,299.0,1970-01-01 00:00:00.000,0.0,1.0,0.0,"Münchenstein, 4142",,useagain,82866,CH,de,,https://www.useagain.ch/de/kuehlschrank-v-zug-82866,H03.05,refrigerator,,,,"{'score': 0.2090080827474594, 'start': 59, 'end': 66, 'answer': ' Einbau'}","{'score': 0.2660354971885681, 'start': 59, 'end': 66, 'answer': ' Einbau'}","{'score': 0.0011257861042395234, 'start': 0, 'end': 34, 'answer': 'V-Zug EK-1222-E\r\n\r\nSpannung: 230 V'}",Lignite,Refrigerators,Pr_40_70_26_72,Other,Other,Space heating and cooling products
328,1119,1119,Kühlschrank Siemens,,['H03.05'],"Catering kitchens: control fittings, appliances",,Ausbau,Küchen & Gastronomie,Apparate & Geräte,"Kühlschrank im amerikanischen Stil

Ihre Vorteile:
- No Frost Technologie: Feuchtigkeit wird entzogen und die Luft im Gefrierschrank trocken gehalten, so muss nie wieder aufgetaut werden
- Crusched Ice, Eiswürfel und Trinkwasser sind dank dem integrierten Wasserbehälter auf Knopfdruck bereit
- AntiFingerprint: dank der speziellen Veredelung des Edelstahls sieht man keine Fingerabdrücke auf der Oberfläche
- optimale LED Beleuchtung im inneren des Kühlschranks

Marke: Siemens
Modell: KA90DAI30
Montage: Freistehend
Garantie: 6 Monate
Spannung: 230v
Baujahr: 2020
Energieeffizienz: A++
Neupreis: ca. 4410.- CHF

Artikelnr: 111501",Metal,,,,,,,,2022-07-26,1899.0,,,1970-01-01,1899.0,1970-01-01 00:00:00.000,0.0,1.0,0.0,"Münchenstein, 4142",,useagain,83141,CH,de,,https://www.useagain.ch/de/kuehlschrank-siemens-83141,H03.05,refrigerator,,,,"{'score': 0.38049790263175964, 'start': 351, 'end': 362, 'answer': ' Edelstahls'}","{'score': 7.53008998799487e-06, 'start': 515, 'end': 527, 'answer': ' Freistehend'}","{'score': 0.020054660737514496, 'start': 206, 'end': 232, 'answer': ' Eiswürfel und Trinkwasser'}",Air-cooled steel slag,Refrigerators,Pr_40_70_26_72,Other,Other,Space heating and cooling products
775,1605,1605,Kühlschrank Electrolux,"used, cleaned & tested","['D01.06', 'D01.11']",Electrical installations,,Gebäudetechnik & Sanitär,Elektro & Leuchten,Elektrogerät,"Baujahr: 2009
Energieeffizienz: keine Angaben
Garantie: 6 Monate Garantie
Hersteller: Elektrolux
Montage: Einbau
Spannung: 230V
Zustand: occasion/gebraucht

Artikelnr: 111828",,,,,,,,,2022-08-09,199.0,,,1970-01-01,199.0,1970-01-01 00:00:00.000,0.0,1.0,106.0,"Münchenstein, 4142",,useagain,90285,CH,de,111828_570x570.jpg,https://www.useagain.ch/de/kuehlschrank-electrolux-ek-142-l-90285,D01,refrigerator,,,,"{'score': 4.204799097351497e-06, 'start': 85, 'end': 96, 'answer': ' Elektrolux'}","{'score': 0.005649810656905174, 'start': 105, 'end': 112, 'answer': ' Einbau'}","{'score': 6.3573515944881365e-06, 'start': 136, 'end': 174, 'answer': ' occasion/gebraucht\n\nArtikelnr: 111828'}",Thermoplastic elastomer resin,Refrigerators,Pr_40_70_26_72,Other,Other,Space heating and cooling products
808,1639,1639,Kühlschrank V-Zug,"used, cleaned & tested",['H03.05'],"Catering kitchens: control fittings, appliances",,Ausbau,Küchen & Gastronomie,Apparate & Geräte,"V-Zug EK0712

Baujahr: 2020
Energieeffizienz: F
Garantie: 6 Monate Garantie
Hersteller: V-Zug
Montage: Einbau
Spannung: 230V
Zustand: occasion/gebraucht

Artikelnr: 111499",,55.0,55.0,"88,5",,,,,2022-07-27,569.0,,,1970-01-01,499.0,2023-09-25 00:00:00.000,0.0,1.0,265.0,"Münchenstein, 4142",,useagain,90240,CH,de,111499_570x570.jpg,https://www.useagain.ch/de/kuehlschrank-v-zug-ch55-90240,H03.05,refrigerator,,,,"{'score': 0.05345834046602249, 'start': 0, 'end': 12, 'answer': 'V-Zug EK0712'}","{'score': 0.06728547811508179, 'start': 102, 'end': 109, 'answer': ' Einbau'}","{'score': 0.0002320885832887143, 'start': 0, 'end': 12, 'answer': 'V-Zug EK0712'}",Lignite,Refrigerators,Pr_40_70_26_72,Other,Other,Space heating and cooling products
813,1644,1644,Einbau-Kühlschrank,"used, cleaned & tested",['H03.05'],"Catering kitchens: control fittings, appliances",,Ausbau,Küchen & Gastronomie,Apparate & Geräte,"Tiefe ca. 63 cm, davon 2 cm Abdeckung vorne",Metal,,55.0,129,,,white,C,,0.0,,,1970-01-01,0.0,2023-09-25 00:00:00.000,0.0,1.0,265.0,"Diesbach, 8777",,useagain,90278,CH,de,,https://www.useagain.ch/de/einbau-kuehlschrank-90278,H03.05,refrigerator,,,,"{'score': 3.443201057962142e-05, 'start': 27, 'end': 43, 'answer': ' Abdeckung vorne'}","{'score': 0.005881854332983494, 'start': 0, 'end': 16, 'answer': 'Tiefe ca. 63 cm,'}","{'score': 1.7631884475122206e-05, 'start': 22, 'end': 24, 'answer': ' 2'}",Air-cooled steel slag,Refrigerators,Pr_40_70_26_72,Furnishings,Furnishings,Space heating and cooling products
833,1665,1665,Siemens Einbau Kühlschrank,"used, cleaned & tested",['H03.05'],"Catering kitchens: control fittings, appliances",,Ausbau,Küchen & Gastronomie,Apparate & Geräte,"E-Nr.: KI30E40CH/03
Nutzinhalt Gesamt 268 L
Nutzinhalt Tiefkühlf. 62 L
Tiefe: 54.5 cm",Mixed,,54.0,"177,5",,,,,2022-06-22,200.0,,,1970-01-01,200.0,2023-09-25 00:00:00.000,0.0,1.0,265.0,"Zug, 6300",,useagain,83169,CH,de,sam_9112_570x570.jpg,https://www.useagain.ch/de/siemens-einbau-kuehlschrank-83169,H03.05,refrigerator,,,,"{'score': 0.00010353539255447686, 'start': 0, 'end': 6, 'answer': 'E-Nr.:'}","{'score': 0.27432316541671753, 'start': 70, 'end': 85, 'answer': '\nTiefe: 54.5 cm'}","{'score': 0.5942853093147278, 'start': 37, 'end': 43, 'answer': ' 268 L'}",Air-cooled steel slag,Refrigerators,Pr_40_70_26_72,Other,Other,Space heating and cooling products
882,1715,1715,Forster Kühlschrank Jumbo,"used, cleaned & tested",['H03.05'],"Catering kitchens: control fittings, appliances",,Ausbau,Küchen & Gastronomie,Apparate & Geräte,"Baujahr: 2009
Garantie: 6 Monate
Hersteller: Forster
Montage: Einbau
Norm: CH 55
Spannung: 230V

Artikelnr: 110889",,,,,,,,,2022-07-27,249.0,,,1970-01-01,249.0,1970-01-01 00:00:00.000,0.0,1.0,106.0,"Münchenstein, 4142",,useagain,90239,CH,de,110889_570x570.jpg,https://www.useagain.ch/de/forster-kuehlschrank-jumbo-dr-90239,H03.05,refrigerator,,,,"{'score': 0.009781279601156712, 'start': 61, 'end': 68, 'answer': ' Einbau'}","{'score': 0.1358916163444519, 'start': 61, 'end': 68, 'answer': ' Einbau'}","{'score': 0.000158157738042064, 'start': 107, 'end': 114, 'answer': ' 110889'}",Air-cooled steel slag,Refrigerators,Pr_40_70_26_72,Other,Other,Space heating and cooling products
1041,1888,1888,Kühlschrank,"used, cleaned & tested",['H03.05'],"Catering kitchens: control fittings, appliances",,Ausbau,Küchen & Gastronomie,Apparate & Geräte,"Einbaukühlschrank
Hersteller: Bauknecht
Modell: KVIE 3029/A-LH
1.Inbetriebnahme: 2006
Bauform: Einbau / Euro-Norm
Nutzinhalt: 260 L
Farbe: Weiss
Türanschlag: links
Türfront: Möbeltür / wechselbar
Anschluss: 230V",,,,,,,,,2022-08-23,120.0,,,1970-01-01,120.0,1970-01-01 00:00:00.000,0.0,1.0,5.0,"Brügg, 2555",,useagain,90381,CH,de,,https://www.useagain.ch/de/kuehlschrank-90381,H03.05,refrigerator,,,,"{'score': 0.43342873454093933, 'start': 144, 'end': 150, 'answer': ' Weiss'}","{'score': 0.5630602836608887, 'start': 130, 'end': 136, 'answer': ' 260 L'}","{'score': 0.974507749080658, 'start': 130, 'end': 136, 'answer': ' 260 L'}",Lignite,Refrigerators,Pr_40_70_26_72,Other,Other,Space heating and cooling products
1082,1929,1929,Kühlschrank türig,"used, cleaned & tested",['H03.05'],"Catering kitchens: control fittings, appliances",,Ausbau,Küchen & Gastronomie,Apparate & Geräte,"Hersteller: Electrolux
Modell: EK 242 11
1.Inbetriebnahme: 2009
Bauform: Einbau / CH-Norm
Nutzinhalt: 241 L
Farbe: Schwarz
Türanschlag: links
Türfront: wechselbar
Anschluss: 230V 
Bedienungsanleitung nur als pdf",,,,,,,,,2022-08-29,110.0,,,1970-01-01,110.0,1970-01-01 00:00:00.000,0.0,1.0,5.0,"Brügg, 2555",,useagain,90413,CH,de,,https://www.useagain.ch/de/kuehlschrank-1-tuerig-90413,H03.05,refrigerator,,,,"{'score': 0.007808168418705463, 'start': 119, 'end': 127, 'answer': ' Schwarz'}","{'score': 0.031843096017837524, 'start': 105, 'end': 111, 'answer': ' 241 L'}","{'score': 0.9198658466339111, 'start': 105, 'end': 111, 'answer': ' 241 L'}",Air-cooled steel slag,Refrigerators,Pr_40_70_26_72,Other,Other,Space heating and cooling products
1106,1955,1955,Kühlschrank türig,"used, cleaned & tested",['H03.05'],"Catering kitchens: control fittings, appliances",,Ausbau,Küchen & Gastronomie,Apparate & Geräte,"Hersteller: Liebherr
Modell: IKc 2554
1.Inbetriebnahme: 2018
Bauform: Einbau / CH-Norm
Nutzinhalt: 231 L
Farbe: gemischt
Türanschlag: links
Türfront: Möbeltüre, wechselbar
Anschluss: 230V
Bedienungsanleitung nur als pdf",,,,,,,,,2022-09-01,560.0,,,1970-01-01,560.0,1970-01-01 00:00:00.000,0.0,1.0,2.0,"Brügg, 2555",,useagain,90448,CH,de,,https://www.useagain.ch/de/kuehlschrank-1-tuerig-90448,H03.05,refrigerator,,,,"{'score': 0.16886548697948456, 'start': 108, 'end': 125, 'answer': '\r\nFarbe: gemischt'}","{'score': 0.040767136961221695, 'start': 102, 'end': 108, 'answer': ' 231 L'}","{'score': 0.9307373762130737, 'start': 102, 'end': 108, 'answer': ' 231 L'}",Air-cooled steel slag,Refrigerators,Pr_40_70_26_72,Other,Other,Space heating and cooling products
1214,2063,2063,Kühlschrank Electrolux,"used, cleaned & tested",['H03.05'],"Catering kitchens: control fittings, appliances",,Ausbau,Küchen & Gastronomie,Apparate & Geräte,"Produkte-Nr. intern: 2776
Typ: IK22510 RE
Serien Nr.: 10400216",,56.0,54.0,126,,,,,2022-10-05,110.0,,,1970-01-01,110.0,1970-01-01 00:00:00.000,0.0,1.0,179.0,"Zürich, 8050",,useagain,90769,CH,de,2776_2_570x570.jpg,https://www.useagain.ch/de/kuehlschrank-electrolux-90769,H03.05,refrigerator,,,,"{'score': 0.0007625222206115723, 'start': 30, 'end': 41, 'answer': ' IK22510 RE'}","{'score': 2.3992817659745924e-05, 'start': 41, 'end': 53, 'answer': '\nSerien Nr.:'}","{'score': 0.005289499647915363, 'start': 20, 'end': 25, 'answer': ' 2776'}",Thermoplastic elastomer resin,Refrigerators,Pr_40_70_26_72,Other,Other,Space heating and cooling products
1220,2069,2069,Kühlschrank Electrolux Jahrgang,"used, cleaned & tested",['H03.05'],"Catering kitchens: control fittings, appliances",,Ausbau,Küchen & Gastronomie,Apparate & Geräte,"Produkte-Nr. intern: 2741
Typ: IK301BNR
Ser.Nr. 04850028
Jahrgang 2020",,56.0,55.0,165,,,,,2022-10-07,550.0,,,1970-01-01,550.0,1970-01-01 00:00:00.000,0.0,1.0,173.0,"Zürich, 8050",,useagain,90824,CH,de,2741_2_570x570.jpg,https://www.useagain.ch/de/kuehlschrank-electrolux-jahrgang-2020-90824,H03.05,refrigerator,,,,"{'score': 0.5326408743858337, 'start': 30, 'end': 39, 'answer': ' IK301BNR'}","{'score': 3.0475709991151234e-06, 'start': 30, 'end': 39, 'answer': ' IK301BNR'}","{'score': 0.022190779447555542, 'start': 20, 'end': 25, 'answer': ' 2741'}",Thermoplastic elastomer resin,Refrigerators,Pr_40_70_26_72,Other,Other,Space heating and cooling products
1226,2075,2075,Kühlschrank Electrolux,"used, cleaned & tested",['H03.05'],"Catering kitchens: control fittings, appliances",,Ausbau,Küchen & Gastronomie,Apparate & Geräte,"Produkte-Nr. intern: 2788
Typ EK1322
Serien Nr.: 045 02971",,56.0,54.0,165,,,,,2022-10-07,130.0,,,1970-01-01,130.0,1970-01-01 00:00:00.002,0.0,1.0,173.0,"Zürich, 8050",,useagain,90823,CH,de,2788_2_570x570.jpg,https://www.useagain.ch/de/kuehlschrank-electrolux-90823,H03.05,refrigerator,,,,"{'score': 0.00023625198809895664, 'start': 29, 'end': 36, 'answer': ' EK1322'}","{'score': 7.645945515832864e-06, 'start': 36, 'end': 48, 'answer': '\nSerien Nr.:'}","{'score': 0.01061972975730896, 'start': 20, 'end': 25, 'answer': ' 2788'}",Thermoplastic elastomer resin,Refrigerators,Pr_40_70_26_72,Other,Other,Space heating and cooling products
1237,2088,2088,Kühlschrank Bauknecht,"used, cleaned & tested",['H03.05'],"Catering kitchens: control fittings, appliances",,Ausbau,Küchen & Gastronomie,Apparate & Geräte,"Baujahr: 2008
Energieeffizienz: keine Angaben
Garantie: 6 Monate Garantie
Masse: H: 86 cm, B: 55 cm, T: 54cm
Hersteller: Bauknecht
Montage: Einbau
Spannung: 230V
Zustand: occasion/gebraucht

Artikelnr: 112230",Mixed,54.0,55.0,86,,,,,2022-09-26,149.0,,,1970-01-01,149.0,1970-01-01 00:00:00.002,0.0,1.0,173.0,"Münchenstein, 4142",,useagain,90588,CH,de,112230_570x570.jpg,https://www.useagain.ch/de/kuehlschrank-bauknecht-c950-90588,H03.05,refrigerator,,,,"{'score': 5.911500193178654e-05, 'start': 45, 'end': 73, 'answer': '\nGarantie: 6 Monate Garantie'}","{'score': 0.8517289161682129, 'start': 80, 'end': 108, 'answer': ' H: 86 cm, B: 55 cm, T: 54cm'}","{'score': 0.26562267541885376, 'start': 80, 'end': 108, 'answer': ' H: 86 cm, B: 55 cm, T: 54cm'}",Lignite,Refrigerators,Pr_40_70_26_72,"Roof, Slabs, Stairs","Blocks, Panels, Fences, Bricks",Space heating and cooling products
1363,2214,2214,"Kühlschrank Liebherr , Typ IKc","used, cleaned & tested",['H03.05'],"Catering kitchens: control fittings, appliances",,Ausbau,Küchen & Gastronomie,Apparate & Geräte,Produkt-Nr. 2819,,,,,,,,,2022-10-31,390.0,,,1970-01-01,390.0,1970-01-01 00:00:00.000,0.0,1.0,85.0,"Zürich, 8050",,useagain,91236,CH,de,2819_2_570x570.jpg,https://www.useagain.ch/de/kuehlschrank-liebherr-typ-ikc-2414-91236,H03.05,refrigerator,,,,"{'score': 0.002237945795059204, 'start': 11, 'end': 16, 'answer': ' 2819'}","{'score': 0.0002972304355353117, 'start': 11, 'end': 16, 'answer': ' 2819'}","{'score': 0.5191912055015564, 'start': 11, 'end': 16, 'answer': ' 2819'}",Lignite,Refrigerators,Pr_40_70_26_72,Other,Other,Space heating and cooling products
1451,2302,2302,Kühlschrank V-Zug,"used, cleaned & tested",['H03.05'],"Catering kitchens: control fittings, appliances",,Ausbau,Küchen & Gastronomie,Apparate & Geräte,"Produkte-Nr. 2743
Typ: EK122-L
Gerätenummer: FN 656010957",Mixed,54.0,56.0,152,,,,,2022-09-15,123.0,,,1970-01-01,123.0,1970-01-01 00:00:00.000,0.0,1.0,115.0,"Zürich, 8050",,useagain,90531,CH,de,2743_1_570x570.jpg,https://www.useagain.ch/de/kuehlschrank-v-zug-90531,H03.05,refrigerator,,,,"{'score': 8.934673132898752e-06, 'start': 22, 'end': 30, 'answer': ' EK122-L'}","{'score': 4.36806476500351e-06, 'start': 22, 'end': 30, 'answer': ' EK122-L'}","{'score': 0.0012421960709616542, 'start': 12, 'end': 17, 'answer': ' 2743'}",Lignite,Refrigerators,Pr_40_70_26_72,Other,Other,Space heating and cooling products
1453,2304,2304,Einbau-Kühlschrank Rechts,"used, cleaned & tested",['H03.05'],"Catering kitchens: control fittings, appliances",,Ausbau,Küchen & Gastronomie,Apparate & Geräte,"Baujahr: 2015
Energieeffizienz: Keine Angaben
Garantie: 6 Monate Garantie
Masse: H: 150.5cm, B: 54,6cm, T: 54.3cm
Hersteller: V-Zug
Montage: Einbau
Spannung: 230V
Zustand: occasion/gebraucht

Artikelnr: 112388",Mixed,54.0,54.0,"150,5",,15,white,,2022-11-14,329.0,,,1970-01-01,329.0,1970-01-01 00:00:00.000,0.0,1.0,115.0,"Münchenstein, 4142",,useagain,91322,CH,de,112388_570x570.jpg,https://www.useagain.ch/de/einbau-kuehlschrank-ek1212-rechts-v-zug-91322,H03.05,refrigerator,,,,"{'score': 0.1521938443183899, 'start': 125, 'end': 131, 'answer': ' V-Zug'}","{'score': 0.11672458797693253, 'start': 83, 'end': 113, 'answer': ' 150.5cm, B: 54,6cm, T: 54.3cm'}","{'score': 0.056577954441308975, 'start': 83, 'end': 113, 'answer': ' 150.5cm, B: 54,6cm, T: 54.3cm'}",Air-cooled steel slag,Refrigerators,Pr_40_70_26_72,"Roof, Slabs, Stairs","Stairs, Ramps, Lift, Hardware",Space heating and cooling products
1481,2332,2332,Kühlschrank V-Zug Deluxe,"used, cleaned & tested",['H03.05'],"Catering kitchens: control fittings, appliances",,Ausbau,Küchen & Gastronomie,Apparate & Geräte,"Baujahr: 2016
Energieeffizienz: F
Garantie: 6 Monate Garantie
Masse: H: 125cm B: 55cm T: 55cm
Hersteller: V-Zug
Montage: Einbau
Spannung: 230V
Zustand: occasion/gebraucht

Artikelnr: 112366",Mixed,55.0,55.0,125,,,white,F,2022-11-07,439.0,,,1970-01-01,439.0,1970-01-01 00:00:00.000,0.0,1.0,140.0,"Münchenstein, 4142",,useagain,91264,CH,de,112366_570x570.jpg,https://www.useagain.ch/de/kuehlschrank-v-zug-deluxe-91264,H03.05,refrigerator,,,,"{'score': 0.3672349750995636, 'start': 105, 'end': 111, 'answer': ' V-Zug'}","{'score': 0.4494984447956085, 'start': 68, 'end': 93, 'answer': ' H: 125cm B: 55cm T: 55cm'}","{'score': 0.036182425916194916, 'start': 68, 'end': 77, 'answer': ' H: 125cm'}",Air-cooled steel slag,Refrigerators,Pr_40_70_26_72,Other,Other,Space heating and cooling products
1550,2401,2401,Kühlschrank Electrolux,"used, cleaned & tested",['H03.05'],"Catering kitchens: control fittings, appliances",,Ausbau,Küchen & Gastronomie,Apparate & Geräte,"Produkte-Nr. intern: 2781
Typ: IK 311 10 RE
Serien Nr. 44800182",,,,,,,,,2022-10-07,210.0,,,1970-01-01,210.0,1970-01-01 00:00:00.000,0.0,1.0,20.0,"Zürich, 8050",,useagain,90832,CH,de,2781_2_570x570.jpg,https://www.useagain.ch/de/kuehlschrank-electrolux-90832,H03.05,refrigerator,,,,"{'score': 0.0009218473569490016, 'start': 30, 'end': 43, 'answer': ' IK 311 10 RE'}","{'score': 5.58651890969486e-06, 'start': 43, 'end': 50, 'answer': '\nSerien'}","{'score': 0.0012959172017872334, 'start': 20, 'end': 25, 'answer': ' 2781'}",Thermoplastic elastomer resin,Refrigerators,Pr_40_70_26_72,Other,Other,Space heating and cooling products
1585,2436,2436,Rotel Kühlschrank,"used, cleaned & tested",['H03.05'],"Catering kitchens: control fittings, appliances",,Ausbau,Küchen & Gastronomie,Apparate & Geräte,"Baujahr: 2002
Energieeffizienz: 
Garantie: 6 Monate Garantie
Masse: H: 83 cm T: 56 B: 43
Hersteller: Rotel
Montage: freistehend
Spannung: 230V
Zustand: occasion/gebraucht

Artikelnr: 112389",,,,,,,,,2022-11-15,40.0,,,1970-01-01,40.0,1970-01-01 00:00:00.000,0.0,1.0,0.0,"Münchenstein, 4142",,useagain,91324,CH,de,112389_570x570.jpg,https://www.useagain.ch/de/rotel-kuehlschrank-91324,H03.05,refrigerator,,,,"{'score': 0.004741387907415628, 'start': 13, 'end': 60, 'answer': '\nEnergieeffizienz: \nGarantie: 6 Monate Garantie'}","{'score': 0.2732081711292267, 'start': 67, 'end': 76, 'answer': ' H: 83 cm'}","{'score': 0.0013547384878620505, 'start': 60, 'end': 73, 'answer': '\nMasse: H: 83'}",Lignite,Refrigerators,Pr_40_70_26_72,Other,Other,Space heating and cooling products
1597,2448,2448,Kühlschrank,mixed,['H03.05'],"Catering kitchens: control fittings, appliances",,Ausbau,Küchen & Gastronomie,Apparate & Geräte,"Einbaukühlschrank
Hersteller: Liebherr
Modell: KEP 2474
Produktionsjahr: ca. 2004
Bauform: Einbau / CH-Norm
Türbandung: links
Farbe: weiss / schwarz
Anschluss: 230V",,,,,,,,,2022-11-16,60.0,,,1970-01-01,60.0,1970-01-01 00:00:00.000,0.0,1.0,12.0,"Brügg, 2555",,useagain,91331,CH,de,1_%28280%29_570x570.jpg,https://www.useagain.ch/de/kuehlschrank-91331,H03.05,refrigerator,,,,"{'score': 0.005663078278303146, 'start': 132, 'end': 148, 'answer': ' weiss / schwarz'}","{'score': 0.004083492327481508, 'start': 107, 'end': 119, 'answer': '\nTürbandung:'}","{'score': 0.0013886346714571118, 'start': 46, 'end': 55, 'answer': ' KEP 2474'}",Lignite,Refrigerators,Pr_40_70_26_72,Other,Other,Space heating and cooling products
1606,2457,2457,Kühlschrank Sibir Freistehend,"used, cleaned & tested",['H03.05'],"Catering kitchens: control fittings, appliances",,Ausbau,Küchen & Gastronomie,Apparate & Geräte,"Kühlschrank:


Baujahr: 2010
Energieeffizienz: keine Angabe
Garantie: 6 Monate Garantie
Masse: H: 122cm, B: 54cm, T: 51cm
Hersteller: Sibir
Montage: Einbau
Spannung: 230V
Zustand: occasion/gebraucht

Artikelnr: 112387",,,,,,,,,,59.0,,,1970-01-01,59.0,1970-01-01 00:00:00.000,0.0,1.0,11.0,"Münchenstein, 4142",,useagain,91318,CH,de,112387_570x570.jpg,https://www.useagain.ch/de/kuehlschrank-sibir-ks200a-freistehend-91318,H03.05,refrigerator,,,,"{'score': 0.00019953800074290484, 'start': 133, 'end': 139, 'answer': ' Sibir'}","{'score': 0.8181755542755127, 'start': 94, 'end': 121, 'answer': ' H: 122cm, B: 54cm, T: 51cm'}","{'score': 0.0342024564743042, 'start': 94, 'end': 121, 'answer': ' H: 122cm, B: 54cm, T: 51cm'}",Air-cooled steel slag,Refrigerators,Pr_40_70_26_72,Other,Other,Space heating and cooling products
1624,2475,2475,Kühlschrank Sibir,mixed,['H03.05'],"Catering kitchens: control fittings, appliances",,Ausbau,Küchen & Gastronomie,Apparate & Geräte,"Produkt-Nr. 2750
Typ: EK 1012-E
Gerätenummer: 10168925000710",,,,,,,,,2022-09-15,122.0,,,1970-01-01,122.0,1970-01-01 00:00:00.000,0.0,1.0,29.0,"Zürich, 8050",,useagain,90520,CH,de,2750_1_570x570.jpg,https://www.useagain.ch/de/kuehlschrank-sibir-90520,H03.05,refrigerator,,,,"{'score': 4.781625193572836e-06, 'start': 21, 'end': 31, 'answer': ' EK 1012-E'}","{'score': 1.5403210227304953e-06, 'start': 11, 'end': 16, 'answer': ' 2750'}","{'score': 0.008201420307159424, 'start': 11, 'end': 16, 'answer': ' 2750'}",Lignite,Refrigerators,Pr_40_70_26_72,Other,Other,Space heating and cooling products
1971,2822,2822,Kühlschrank V-Zug,mixed,['H03.05'],"Catering kitchens: control fittings, appliances",,Ausbau,Küchen & Gastronomie,Apparate & Geräte,"Wichtig: Flaschenhalter defekt, siehe Bilder. Kostet bei V-Zug ca. 100.- mit Porto.

Einbaukühlschrank
Hersteller: V-Zug
Modell: Prestige Eco (51045)
Erste Inbetriebnahme: 2014
Energieklasse: A+++
Bauform: Einbau / CH-Norm / vollintegriert
2-Türig
Türbandung: links, wechselbar
Türfront: aufgeschraubte Möbeltür, wechselbar
Anschluss: 230V
Mit Bedienunganleitung",,,,,,,,,2022-11-25,150.0,,,1970-01-01,150.0,1970-01-01 00:00:00.000,0.0,1.0,21.0,"Brügg, 2555",,useagain,91389,CH,de,1_%28291%29_570x570.jpg,https://www.useagain.ch/de/kuehlschrank-v-zug-91389,H03.05,refrigerator,,,,"{'score': 2.3404127205139957e-05, 'start': 224, 'end': 239, 'answer': ' vollintegriert'}","{'score': 0.00046375097008422017, 'start': 239, 'end': 247, 'answer': '\n2-Türig'}","{'score': 0.0034286000300198793, 'start': 66, 'end': 72, 'answer': ' 100.-'}",Lignite,Refrigerators,Pr_40_70_26_72,Other,Other,Space heating and cooling products
1989,2840,2840,Royal Kühlschrank,"used, cleaned & tested",['H03.05'],"Catering kitchens: control fittings, appliances",,Ausbau,Küchen & Gastronomie,Apparate & Geräte,"Baujahr: 2014
Energieeffizienz: E
Garantie: 6 Monate Garantie
Masse: H: 150cm B: 55cm T: 52cm
Hersteller: V-Zug
Montage: Einbau
Spannung: 230V
Zustand: occasion/gebraucht

Artikelnr: 112403",Mixed,52.0,55.0,150,,,white,E,2022-11-21,369.0,,,1970-01-01,369.0,1970-01-01 00:00:00.000,0.0,1.0,171.0,"Münchenstein, 4142",,useagain,91357,CH,de,112403_570x570.jpg,https://www.useagain.ch/de/v-zug-royal-kuehlschrank-91357,H03.05,refrigerator,,,,"{'score': 0.7892724275588989, 'start': 105, 'end': 111, 'answer': ' V-Zug'}","{'score': 0.45968174934387207, 'start': 68, 'end': 93, 'answer': ' H: 150cm B: 55cm T: 52cm'}","{'score': 0.09704134613275528, 'start': 68, 'end': 77, 'answer': ' H: 150cm'}",Silt,Refrigerators,Pr_40_70_26_72,Other,Other,Space heating and cooling products
2009,2861,2861,Einbau Kühlschrank,mixed,['H03.05'],"Catering kitchens: control fittings, appliances",,Ausbau,Küchen & Gastronomie,Apparate & Geräte,"Baujahr: 2015
Energieeffizienz: Keine Angaben 
Garantie: 6 Monate Garantie
Masse: H: 152,5cm, B: 55cm, T: 55cm
Hersteller: Novamatic EK1260.2 NF
Montage: Einbau
Spannung: 230V
Zustand: occasion/gebraucht

Artikelnr: 112402",,,,,,,,,2022-11-21,319.0,,,1970-01-01,319.0,1970-01-01 00:00:00.000,0.0,1.0,3.0,"Münchenstein, 4142",,useagain,91356,CH,de,112402_570x570.jpg,https://www.useagain.ch/de/einbau-kuehlschrank-91356,H03.05,refrigerator,,,,"{'score': 0.0016105873510241508, 'start': 122, 'end': 144, 'answer': ' Novamatic EK1260.2 NF'}","{'score': 0.8020724058151245, 'start': 81, 'end': 110, 'answer': ' H: 152,5cm, B: 55cm, T: 55cm'}","{'score': 0.1718517392873764, 'start': 81, 'end': 110, 'answer': ' H: 152,5cm, B: 55cm, T: 55cm'}",Air-cooled steel slag,Refrigerators,Pr_40_70_26_72,Other,Other,Space heating and cooling products
2056,2910,2910,Kühlschrank Türig,"used, cleaned & tested",['H03.05'],"Catering kitchens: control fittings, appliances",,Ausbau,Küchen & Gastronomie,Apparate & Geräte,"Einbaukühlschrank
Hersteller: Electrolux
Modell: IK32511LI
Jahrgang: 2010
Bauform: Einbau / CH-Norm
Nutzinhalt: 312  liter
2-Türig
Türbandung: links, wechselbar
Türfront: ohne Möbeltür
Gummidichtung am Tiefkühlfach nicht mehr so fest, aber schliesst trotzdem gut.
mit LED-Beleuchtung
Anschluss: 230V
Bedienungsanleitung nur als pdf",Mixed,54.0,55.0,"177,6",,,white,,2022-12-01,380.0,,,1970-01-01,150.0,2023-09-25 00:00:00.000,-80.0,1.0,159.0,"Brügg, 2555",,useagain,91417,CH,de,_dsc9586_570x570.jpg,https://www.useagain.ch/de/kuehlschrank-2-tuerig-91417,H03.05,refrigerator,,,,"{'score': 4.692356014857069e-06, 'start': 184, 'end': 198, 'answer': '\nGummidichtung'}","{'score': 0.4402364492416382, 'start': 111, 'end': 122, 'answer': ' 312  liter'}","{'score': 0.9358754754066467, 'start': 111, 'end': 122, 'answer': ' 312  liter'}",Air-cooled steel slag,Refrigerators,Pr_40_70_26_72,Other,Other,Space heating and cooling products
2143,2999,2999,Kühlschrank türig,"used, cleaned & tested",['H03.05'],"Catering kitchens: control fittings, appliances",,Ausbau,Küchen & Gastronomie,Apparate & Geräte,"Einbaukühlschrank
Hersteller: Miele
Modell: K 9754 iDF
Jahrgang: 2010
Bauform: Einbau / EU-Norm
Nutzinhalt: 324 Liter
1-Türig
Türbandung: rechts, wechselbar
Türfront: Möbeltür dabei, kann man mitnehmen, wenn man will
Anschluss: 230V
Bedienungsanleitung nur als pdf",,,,,,,,,2022-12-14,220.0,,,1970-01-01,220.0,1970-01-01 00:00:00.000,0.0,1.0,2.0,"Brügg, 2555",,useagain,91518,CH,de,_dsc9689_570x570.jpg,https://www.useagain.ch/de/kuehlschrank-1-tuerig-91518,H03.05,refrigerator,,,,"{'score': 5.109655830892734e-05, 'start': 117, 'end': 125, 'answer': '\n1-Türig'}","{'score': 0.3687218129634857, 'start': 107, 'end': 117, 'answer': ' 324 Liter'}","{'score': 0.8887417316436768, 'start': 107, 'end': 117, 'answer': ' 324 Liter'}",Air-cooled steel slag,Refrigerators,Pr_40_70_26_72,Other,Other,Space heating and cooling products
2144,3000,3000,Kühlschrank Prima-Vista,"used, cleaned & tested",['H03.05'],"Catering kitchens: control fittings, appliances",,Ausbau,Küchen & Gastronomie,Apparate & Geräte,"Freistehend
Hersteller: Landi
Modell: KS 81 l
Jahrgang: 2019
Nutzinhalt: 80 Liter
1 Türig
Türbandung: rechts
Türfront: ohne Möbeltür (Näggi an der Front)
Anschluss: 230V
Bedienungsanleitung nur als pdf",Mixed,50.0,48.0,85,,,white,,2022-12-12,170.0,,,1970-01-01,150.0,1970-01-01 00:00:00.000,-20.0,1.0,113.0,"Brügg, 2555",,useagain,91500,CH,de,_dsc9670_570x570.jpg,https://www.useagain.ch/de/kuehlschrank-prima-vista-91500,H03.05,refrigerator,,,,"{'score': 1.9901889913853665e-07, 'start': 0, 'end': 11, 'answer': 'Freistehend'}","{'score': 0.0095796724781394, 'start': 0, 'end': 11, 'answer': 'Freistehend'}","{'score': 0.42571142315864563, 'start': 72, 'end': 81, 'answer': ' 80 Liter'}",Lignite,Refrigerators,Pr_40_70_26_72,Other,Other,Space heating and cooling products
2147,3003,3003,Kühlschrank V-Zug,"used, cleaned & tested",['H03.05'],"Catering kitchens: control fittings, appliances",,Ausbau,Küchen & Gastronomie,Apparate & Geräte,Produkte-Nr. 2850,,57.0,54.0,127,,,,,2022-12-14,920.0,,,1970-01-01,770.0,1970-01-01 00:28:15.168,-150.0,1.0,146.0,"Zürich, 8050",,useagain,91517,CH,de,2850-2_570x570.jpg,https://www.useagain.ch/de/kuehlschrank-v-zug-jg-2021-91517,H03.05,refrigerator,,,,"{'score': 0.0007524554966948926, 'start': 12, 'end': 17, 'answer': ' 2850'}","{'score': 0.0006221547373570502, 'start': 12, 'end': 17, 'answer': ' 2850'}","{'score': 0.9001149535179138, 'start': 12, 'end': 17, 'answer': ' 2850'}",Lignite,Refrigerators,Pr_40_70_26_72,Other,Other,Space heating and cooling products
2151,3007,3007,Kühlschrank V-Zug,"used, cleaned & tested",['H03.05'],"Catering kitchens: control fittings, appliances",,Ausbau,Küchen & Gastronomie,Apparate & Geräte,Produkte-Nr. 2848,,54.0,54.0,126,,,,,2022-12-14,570.0,,,1970-01-01,570.0,1970-01-01 00:00:00.000,0.0,1.0,88.0,"Zürich, 8050",,useagain,91515,CH,de,2848-2_570x570.jpg,https://www.useagain.ch/de/kuehlschrank-v-zug-91515,H03.05,refrigerator,,,,"{'score': 0.001153368502855301, 'start': 12, 'end': 17, 'answer': ' 2848'}","{'score': 0.00021029305935371667, 'start': 12, 'end': 17, 'answer': ' 2848'}","{'score': 0.5460080504417419, 'start': 12, 'end': 17, 'answer': ' 2848'}",Lignite,Refrigerators,Pr_40_70_26_72,Other,Other,Space heating and cooling products
2158,3014,3014,Kühlschrank Prima-Vista,"used, cleaned & tested",['H03.05'],"Catering kitchens: control fittings, appliances",,Ausbau,Küchen & Gastronomie,Apparate & Geräte,"Freistehend
Hersteller: Landi
Modell: KS 81 l
Jahrgang: 2019
Nutzinhalt: 80 Liter
1 Türig
Türbandung: rechts, wechselbar
Anschluss: 230V
Bedienungsanleitung nur als pdf",,,,,,,,,2022-12-13,180.0,,,1970-01-01,170.0,1970-01-01 00:00:00.000,-10.0,1.0,65.0,"Brügg, 2555",,useagain,91501,CH,de,_dsc9670_%281%29_570x570.jpg,https://www.useagain.ch/de/kuehlschrank-prima-vista-91501,H03.05,refrigerator,,,,"{'score': 3.2658067539159674e-07, 'start': 0, 'end': 11, 'answer': 'Freistehend'}","{'score': 0.050468143075704575, 'start': 0, 'end': 11, 'answer': 'Freistehend'}","{'score': 0.46150994300842285, 'start': 72, 'end': 81, 'answer': ' 80 Liter'}",Lignite,Refrigerators,Pr_40_70_26_72,Other,Other,Space heating and cooling products
2166,3022,3022,Tiefkühlschrank Novamatic,"used, cleaned & tested",['H03.05'],"Catering kitchens: control fittings, appliances",,Ausbau,Küchen & Gastronomie,Apparate & Geräte,"Freistehend
Hersteller: Fust
Modell: TFN19560-IB
Jahrgang: 2016
Nutzinhalt: 221 Liter
1 Türig
Türbandung: rechts, wechselbar
Kratzer an der Türfront (siehe Bilder)
Anschluss: 230V",,,,,,,,,2022-12-15,180.0,,,1970-01-01,200.0,1970-01-01 00:00:00.000,20.0,1.0,64.0,"Brügg, 2555",,useagain,91529,CH,de,_dsc9714_570x570.jpg,https://www.useagain.ch/de/tiefkuehlschrank-novamatic-91529,H03.05,refrigerator,,,,"{'score': 3.0623323254985735e-07, 'start': 23, 'end': 28, 'answer': ' Fust'}","{'score': 0.006934442091733217, 'start': 0, 'end': 11, 'answer': 'Freistehend'}","{'score': 0.6145222783088684, 'start': 75, 'end': 85, 'answer': ' 221 Liter'}",Air-cooled steel slag,Refrigerators,Pr_40_70_26_72,Other,Other,Space heating and cooling products
2197,3054,3054,Kühlschrank,"used, cleaned & tested",['H03.05'],"Catering kitchens: control fittings, appliances",,Ausbau,Küchen & Gastronomie,Apparate & Geräte,"Einbaukühlschrank
Hersteller: Liebherr
Modell: KEP 2474
Jahrgang: 2004
Bauform: Einbau/CH Norm
Nutzinhalt: 231l
Farbe: Schwarz und Weiss
Türanschlag: links, wechselbar
1 Gefrierfachschubladen
Anschluss: 230V
Bedienungsanleitung nur als Pdf",Mixed,57.0,54.0,127,,,mixed,,2022-11-10,60.0,,,1970-01-01,60.0,1970-01-01 00:00:00.000,0.0,1.0,113.0,"Brügg, 2555",,useagain,91302,CH,de,_dsc9460_570x570.jpg,https://www.useagain.ch/de/kuehlschrank-91302,H03.05,refrigerator,,,,"{'score': 0.3383718430995941, 'start': 118, 'end': 136, 'answer': ' Schwarz und Weiss'}","{'score': 0.47874918580055237, 'start': 106, 'end': 111, 'answer': ' 231l'}","{'score': 0.972512423992157, 'start': 106, 'end': 111, 'answer': ' 231l'}",Lignite,Refrigerators,Pr_40_70_26_72,Other,Other,Space heating and cooling products
2199,3057,3057,Kühlschrank,"used, cleaned & tested",['H03.05'],"Catering kitchens: control fittings, appliances",,Ausbau,Küchen & Gastronomie,Apparate & Geräte,"Einbaukühlschrank
Hersteller: Electrolux
Modell: IK 243.1 RE
Produktionsjahr: 2006
Bauform: Einbaugerät / CH-Norm
Tür: vollintegrierbar, mit grauer Dekorfront (Möbeltür), wechselbar
Bandung rechts
Nutzinhalt brutto: 250 Liter
Anschluss: 230V
Bedienungsanleitung nur als pdf",Mixed,57.0,54.0,"126,8",,,,,2023-01-21,100.0,,,1970-01-01,100.0,1970-01-01 00:00:00.000,0.0,1.0,62.0,"Brügg, 2555",,useagain,91688,CH,de,1_%28324%29_570x570.jpg,https://www.useagain.ch/de/kuehlschrank-91688,H03.05,refrigerator,,,,"{'score': 4.173108663962921e-06, 'start': 140, 'end': 158, 'answer': ' grauer Dekorfront'}","{'score': 0.13733722269535065, 'start': 215, 'end': 225, 'answer': ' 250 Liter'}","{'score': 0.9418408870697021, 'start': 215, 'end': 225, 'answer': ' 250 Liter'}",Lignite,Refrigerators,Pr_40_70_26_72,Other,Other,Space heating and cooling products
2220,3078,3078,Kühlschrank Prima-Vista,"used, cleaned & tested",['H03.05'],"Catering kitchens: control fittings, appliances",,Ausbau,Küchen & Gastronomie,Apparate & Geräte,"Freistehend
Hersteller: Landi
Modell: KS 81 l
Jahrgang: 2019
Nutzinhalt: 80 Liter
1 Türig
Türbandung: rechts, wechselbar
Türfront: ohne Möbeltür
Anschluss: 230V
Bedienungsanleitung nur als pdf",Mixed,50.0,48.0,84,,,white,,2022-12-22,180.0,,,1970-01-01,150.0,1970-01-01 00:00:00.000,-30.0,1.0,62.0,"Brügg, 2555",,useagain,91561,CH,de,_dsc9772_570x570.jpg,https://www.useagain.ch/de/kuehlschrank-prima-vista-91561,H03.05,refrigerator,,,,"{'score': 3.070245213621092e-07, 'start': 0, 'end': 11, 'answer': 'Freistehend'}","{'score': 0.027271443977952003, 'start': 0, 'end': 11, 'answer': 'Freistehend'}","{'score': 0.49755167961120605, 'start': 72, 'end': 81, 'answer': ' 80 Liter'}",Lignite,Refrigerators,Pr_40_70_26_72,Other,Other,Space heating and cooling products
2228,3086,3086,Kühlschrank freistehend,mixed,['H03.05'],"Catering kitchens: control fittings, appliances",,Ausbau,Küchen & Gastronomie,Apparate & Geräte,"Kühlschrank ohne Gefrierfach!
Hersteller: Electrolux
Modell: SC 321
Produktionsjahr: 2021
Farbe: weiss
Freistehend
Nutzinhalt: 316 Liter
Anschluss: 220V
Zustand: innen sehr gut, aussen paar Beulen",,,,,,,,,2023-01-13,270.0,,,1970-01-01,270.0,1970-01-01 00:00:00.000,0.0,1.0,26.0,"Brügg, 2555",,useagain,91627,CH,de,1_%28314%29_570x570.jpg,https://www.useagain.ch/de/kuehlschrank-freistehend-91627,H03.05,refrigerator,,,,"{'score': 0.027455568313598633, 'start': 96, 'end': 102, 'answer': ' weiss'}","{'score': 0.08155021071434021, 'start': 126, 'end': 136, 'answer': ' 316 Liter'}","{'score': 0.9525282979011536, 'start': 126, 'end': 136, 'answer': ' 316 Liter'}",Air-cooled steel slag,Refrigerators,Pr_40_70_26_72,Other,Other,Space heating and cooling products
2448,3631,3631,Kühlschrank Siemens,,['H03.05'],"Catering kitchens: control fittings, appliances",,Ausbau,Küchen & Gastronomie,Apparate & Geräte,"Baujahr: 2001
Hersteller: Siemens
Garantie: 6 Monate 
Masse: H: 123cm B: 55 cm T: 55 cm
Montage: Einbau
Spannung: 230 V
Zustand: occasion/gebraucht

Artikel Nr: 112561",,,,,,,white,,2023-02-08,149.0,,,1970-01-01,149.0,1970-01-01 00:00:00.000,0.0,1.0,9.0,"Münchenstein, 4142",,useagain,91894,CH,de,112561_570x570.jpg,https://www.useagain.ch/de/kuehlschrank-siemens-91894,H03.05,refrigerator,,,,"{'score': 0.006234664004296064, 'start': 63, 'end': 69, 'answer': ' 123cm'}","{'score': 0.4699645936489105, 'start': 60, 'end': 87, 'answer': ' H: 123cm B: 55 cm T: 55 cm'}","{'score': 0.012107272632420063, 'start': 60, 'end': 69, 'answer': ' H: 123cm'}",Air-cooled steel slag,Refrigerators,Pr_40_70_26_72,Other,Other,Space heating and cooling products
2514,3697,3697,Kühlschrank Electrolux,"used, cleaned & tested",['H03.05'],"Catering kitchens: control fittings, appliances",,Ausbau,Küchen & Gastronomie,Apparate & Geräte,"Hersteller: Electrolux
Baujahr: 2004
Masse: H: 152.5cm B: 53.5cm T: 54cm
Farbe: weiss
Neupreis: 1.039 srf
Spannung: 230V
Garantie: ohne Garantie
Mängel: ohne Mängel
Zustand: occasion/gebraucht

Artikel Nr: 112566",,54.0,53.0,"152,5",,,white,,2023-02-08,149.0,,,1970-01-01,149.0,1970-01-01 00:00:00.000,0.0,1.0,90.0,"Münchenstein, 4142",,useagain,91908,CH,de,112566_570x570.jpg,https://www.useagain.ch/de/kuehlschrank-electrolux-91908,H03.05,refrigerator,,,,"{'score': 0.0008080031257122755, 'start': 79, 'end': 85, 'answer': ' weiss'}","{'score': 0.7459778189659119, 'start': 43, 'end': 72, 'answer': ' H: 152.5cm B: 53.5cm T: 54cm'}","{'score': 0.17750827968120575, 'start': 43, 'end': 72, 'answer': ' H: 152.5cm B: 53.5cm T: 54cm'}",Thermoplastic elastomer resin,Refrigerators,Pr_40_70_26_72,Other,Other,Space heating and cooling products
2545,3728,3728,Kühlschrank V-Zug,"used, cleaned & tested",['H03.05'],"Catering kitchens: control fittings, appliances",,Ausbau,Küchen & Gastronomie,Apparate & Geräte,"Produkte-Nr. 2869

Jahrgang 2001",,54.0,54.0,"177,5",,,,,2023-01-20,180.0,,,1970-01-01,180.0,1970-01-01 00:00:00.000,0.0,1.0,,"Zürich, 8050",,useagain,91667,CH,de,2869-2_570x570.jpg,https://www.useagain.ch/de/kuehlschrank-v-zug-91667,H03.05,refrigerator,,,,"{'score': 0.01779312454164028, 'start': 0, 'end': 17, 'answer': 'Produkte-Nr. 2869'}","{'score': 5.265697109280154e-05, 'start': 0, 'end': 17, 'answer': 'Produkte-Nr. 2869'}","{'score': 0.3161114454269409, 'start': 12, 'end': 17, 'answer': ' 2869'}",Lignite,Refrigerators,Pr_40_70_26_72,Other,Other,Space heating and cooling products
2586,3770,3770,Kühlschrank,"used, cleaned & tested",['H03.05'],"Catering kitchens: control fittings, appliances",,Ausbau,Küchen & Gastronomie,Apparate & Geräte,"Produkte-Nr. 2910

Jahrgang 2007",Mixed,57.0,55.0,126,,,,,2023-01-24,130.0,,,1970-01-01,130.0,1970-01-01 00:00:00.002,0.0,1.0,81.0,"Zürich, 8050",,useagain,91752,CH,de,2910-2_570x570.jpg,https://www.useagain.ch/de/kuehlschrank-91752,H03.05,refrigerator,,,,"{'score': 0.04153401032090187, 'start': 0, 'end': 17, 'answer': 'Produkte-Nr. 2910'}","{'score': 0.000112109788460657, 'start': 0, 'end': 17, 'answer': 'Produkte-Nr. 2910'}","{'score': 0.1982242912054062, 'start': 12, 'end': 17, 'answer': ' 2910'}",Lignite,Refrigerators,Pr_40_70_26_72,Other,Other,Space heating and cooling products
2617,3801,3801,Kühlschrank Ikea,"used, cleaned & tested",['H03.05'],"Catering kitchens: control fittings, appliances",,Ausbau,Küchen & Gastronomie,Apparate & Geräte,"Hersteller:Ikea
Masse: H: 88cm B: 54cm T: 54cm
Montage: Einbau
Farbe: weiss
Spannung: 230V
Garantie: 6 Monate
Mängel: ohne Mängel
Zustand: occasion/gebraucht

Artikel Nr: 112577",Metal,54.0,54.0,88,,,white,,2023-02-15,49.0,,,1970-01-01,49.0,1970-01-01 00:00:00.000,0.0,1.0,23.0,"Münchenstein, 4142",,useagain,91945,CH,de,112577_570x570.jpg,https://www.useagain.ch/de/kuehlschrank-ikea-91945,H03.05,refrigerator,,,,"{'score': 0.12662799656391144, 'start': 69, 'end': 75, 'answer': ' weiss'}","{'score': 0.7669093012809753, 'start': 22, 'end': 46, 'answer': ' H: 88cm B: 54cm T: 54cm'}","{'score': 0.21475355327129364, 'start': 22, 'end': 46, 'answer': ' H: 88cm B: 54cm T: 54cm'}",Ammonia,Refrigerators,Pr_40_70_26_72,Furnishings,Furnishings,Space heating and cooling products
2772,3956,3956,Kühlschrank V-Zug,"used, cleaned & tested",['H03.05'],"Catering kitchens: control fittings, appliances",,Ausbau,Küchen & Gastronomie,Apparate & Geräte,"Produkt-Nr. 2948

Jahrgang 2001",,57.0,55.0,89,,,,,2023-03-02,100.0,,,1970-01-01,100.0,1970-01-01 00:00:00.000,0.0,1.0,64.0,"Zürich, 8050",,useagain,92121,CH,de,2948-2_570x570.jpg,https://www.useagain.ch/de/kuehlschrank-v-zug-92121,H03.05,refrigerator,,,,"{'score': 0.001497269026003778, 'start': 0, 'end': 16, 'answer': 'Produkt-Nr. 2948'}","{'score': 0.00016313990636263043, 'start': 11, 'end': 16, 'answer': ' 2948'}","{'score': 0.4687871038913727, 'start': 11, 'end': 16, 'answer': ' 2948'}",Lignite,Refrigerators,Pr_40_70_26_72,Other,Other,Space heating and cooling products
2774,3958,3958,Kühlschrank Electrolux,"used, cleaned & tested",['H03.05'],"Catering kitchens: control fittings, appliances",,Ausbau,Küchen & Gastronomie,Apparate & Geräte,"Hersteller: Electrolux
Baujahr: 2019
Masse: H: 126cm B: 54cm T: 58cm
Montage: einbau
Material: metall
Farbe: weiss
Spannung: 230V
Garantie: 6 Monate
Mängel: ohne Mängel
Zustand: occasion/gebraucht

Artikel Nr: 112070",Metal,58.0,53.0,126,,,white,,2023-03-06,649.0,,,1970-01-01,649.0,1970-01-01 00:00:00.000,0.0,1.0,64.0,"Münchenstein, 4142",,useagain,92146,CH,de,112070_570x570.jpg,https://www.useagain.ch/de/kuehlschrank-electrolux-92146,H03.05,refrigerator,,,,"{'score': 0.9857162833213806, 'start': 94, 'end': 101, 'answer': ' metall'}","{'score': 0.7221218347549438, 'start': 43, 'end': 68, 'answer': ' H: 126cm B: 54cm T: 58cm'}","{'score': 0.052987050265073776, 'start': 43, 'end': 68, 'answer': ' H: 126cm B: 54cm T: 58cm'}",Thermoplastic elastomer resin,Refrigerators,Pr_40_70_26_72,Other,Other,Space heating and cooling products
2787,3971,3971,Kühlschrank Bauknecht,"used, cleaned & tested",['H03.05'],"Catering kitchens: control fittings, appliances",,Ausbau,Küchen & Gastronomie,Apparate & Geräte,"Hersteller: Bauknecht
Baujahr: 2018
Masse: H: 121cm B: 56.5cm T: 54cm
Einbaumass: Einbau
Montage: Einbau
Material: metall
Farbe: weiss
Spannung:230V
Garantie: 6 Monate
Mängel: ohne Mängel
Zustand: occasion/gebraucht

Artikel Nr: 112069",Metal,54.0,56.0,121,,,white,A,2023-03-06,279.0,,,1970-01-01,279.0,1970-01-01 00:00:00.000,0.0,1.0,25.0,"Münchenstein, 4142",,useagain,92145,CH,de,112069_570x570.jpg,https://www.useagain.ch/de/kuehlschrank-bauknecht-92145,H03.05,refrigerator,,,,"{'score': 0.984759509563446, 'start': 114, 'end': 121, 'answer': ' metall'}","{'score': 0.6135614514350891, 'start': 42, 'end': 69, 'answer': ' H: 121cm B: 56.5cm T: 54cm'}","{'score': 0.008817018941044807, 'start': 42, 'end': 69, 'answer': ' H: 121cm B: 56.5cm T: 54cm'}",Lignite,Refrigerators,Pr_40_70_26_72,"Roof, Slabs, Stairs","Blocks, Panels, Fences, Bricks",Space heating and cooling products
2821,4005,4005,Kühlschrank,"used, cleaned & tested",['H03.05'],"Catering kitchens: control fittings, appliances",,Ausbau,Küchen & Gastronomie,Apparate & Geräte,Produkt-Nr. 2965,,56.0,53.0,50,,,white,,2023-03-02,50.0,,,1970-01-01,50.0,1970-01-01 00:00:00.000,0.0,1.0,0.0,"Zürich, 8050",,useagain,92126,CH,de,2965-2_570x570.jpg,https://www.useagain.ch/de/kuehlschrank-92126,H03.05,refrigerator,,,,"{'score': 0.001077484805136919, 'start': 11, 'end': 16, 'answer': ' 2965'}","{'score': 0.00016142692766152322, 'start': 11, 'end': 16, 'answer': ' 2965'}","{'score': 0.6046059131622314, 'start': 11, 'end': 16, 'answer': ' 2965'}",Lignite,Refrigerators,Pr_40_70_26_72,Other,Other,Space heating and cooling products
2838,4022,4022,Kühlschrank Electrolux,"used, cleaned & tested",['H03.05'],"Catering kitchens: control fittings, appliances",,Ausbau,Küchen & Gastronomie,Apparate & Geräte,"Hersteller: Electrolux
Baujahr: 2018
Masse: H: 154cm B: 59cm T: 81cm
Farbe: weiss
Spannung: 230V
Garantie: 6 Monate
Mängel: ohne Mängel
Zustand: occasion/gebraucht

Artikel Nr: 112548",,81.0,59.0,154,,,white,A,2023-02-28,289.0,,,1970-01-01,289.0,1970-01-01 00:00:00.000,0.0,1.0,0.0,"Münchenstein, 4142",,useagain,92073,CH,de,112548_570x570.jpg,https://www.useagain.ch/de/kuehlschrank-electrolux-92073,H03.05,refrigerator,,,,"{'score': 0.001558291376568377, 'start': 75, 'end': 81, 'answer': ' weiss'}","{'score': 0.7051567435264587, 'start': 43, 'end': 68, 'answer': ' H: 154cm B: 59cm T: 81cm'}","{'score': 0.1579061597585678, 'start': 43, 'end': 68, 'answer': ' H: 154cm B: 59cm T: 81cm'}",Thermoplastic elastomer resin,Refrigerators,Pr_40_70_26_72,Other,Other,Space heating and cooling products
2839,4023,4023,Kühlschrank V-Zug .,"used, cleaned & tested",['H03.05'],"Catering kitchens: control fittings, appliances",,Ausbau,Küchen & Gastronomie,Apparate & Geräte,"Einbaukühlschrank
Hersteller: V-Zug
Modell: Perfect (51054)
Erste Inbetriebnahme: 22.9.2021
Garantie seitens V-Zug: bis 21.10.23
Bauform: Einbau / CH-Norm / vollintegriert
Türanschlag: rechts, wechselbar
Türfront: Möbelfront, wechselbar
Nutzinhalt total 228 l
Nutzinhalt Kühlteil 202 l
Nutzinhalt Gefrierteil 27 l
Beleuchtung LED
Schnellgefrieren
Schnellkühlen
Sabbat-Modus
Digitalanzeige
TouchControl
Anschluss: 230V",Mixed,57.0,54.0,"126,8",,49,,F,2023-03-10,500.0,,,1970-01-01,500.0,1970-01-01 00:00:00.000,0.0,1.0,0.0,"Brügg, 2555",,useagain,92188,CH,de,1_%28357%29_570x570.jpg,https://www.useagain.ch/de/kuehlschrank-v-zug-jg.-2021-92188,H03.05,refrigerator,,,,"{'score': 0.011331570334732533, 'start': 156, 'end': 171, 'answer': ' vollintegriert'}","{'score': 0.003200544510036707, 'start': 279, 'end': 283, 'answer': ' 202'}","{'score': 0.6027923822402954, 'start': 253, 'end': 259, 'answer': ' 228 l'}",Lignite,Refrigerators,Pr_40_70_26_72,Other,Other,Space heating and cooling products
2928,4126,4126,Kühlschrank,"used, cleaned & tested",['H03.05'],"Catering kitchens: control fittings, appliances",,Ausbau,Küchen & Gastronomie,Apparate & Geräte,"Einbaukühlschrank
Hersteller: Electrolux
Modell: IK  227 10 LI
Jahrgang: 2014
Bauform: Einbau/CH Norm
Nutzinhalt: 203/22 Liter
Türfront, Möbeltür, wechselbar
Türanschlag: links, wechselbar
Displayanzeige
Beleuchtung: LED
Anschluss: 230V",Mixed,56.0,54.0,127,,,mixed,,2023-02-02,180.0,,,1970-01-01,180.0,1970-01-01 00:00:00.000,0.0,1.0,0.0,"Brügg, 2555",,useagain,91820,CH,de,_dsc9916_570x570.jpg,https://www.useagain.ch/de/kuehlschrank-91820,H03.05,refrigerator,,,,"{'score': 8.002721006050706e-05, 'start': 86, 'end': 101, 'answer': ' Einbau/CH Norm'}","{'score': 0.8284656405448914, 'start': 113, 'end': 126, 'answer': ' 203/22 Liter'}","{'score': 0.9656869769096375, 'start': 113, 'end': 126, 'answer': ' 203/22 Liter'}",Lignite,Refrigerators,Pr_40_70_26_72,Other,Other,Space heating and cooling products
2939,4137,4137,Kühlschrank :,"used, cleaned & tested",['H03.05'],"Catering kitchens: control fittings, appliances",,Ausbau,Küchen & Gastronomie,Apparate & Geräte,"Einbaukühlschrank

Hersteller: Electrolux
Modell: EK282SARWE
Jahrgang: 2019
Bauform: Einbaugerät / CH-Norm
Türfront: Weiss
Bandung rechts, wechselbar
Nutzinhalt brutto: 272 Liter
Anschluss: 230V
Bedienungsanleitung als pdf",Mixed,55.0,54.0,152,,,white,,2023-03-21,400.0,,,1970-01-01,400.0,1970-01-01 00:00:00.002,0.0,1.0,45.0,"Brügg, 2555",,useagain,92262,CH,de,_dsc0375_570x570.jpg,https://www.useagain.ch/de/kuehlschrank-jg-2019-92262,H03.05,refrigerator,,,,"{'score': 0.014777055010199547, 'start': 116, 'end': 122, 'answer': ' Weiss'}","{'score': 0.5711333751678467, 'start': 168, 'end': 178, 'answer': ' 272 Liter'}","{'score': 0.9618350267410278, 'start': 168, 'end': 178, 'answer': ' 272 Liter'}",Lignite,Refrigerators,Pr_40_70_26_72,Other,Other,Space heating and cooling products
2959,4157,4157,Kühlschrank Türig,"used, cleaned & tested",['H03.05'],"Catering kitchens: control fittings, appliances",,Ausbau,Küchen & Gastronomie,Apparate & Geräte,"Einbaukühlschrank
Hersteller: Electrolux
Modell: EK 242
Jahrgang: 2011
Bauform: Einbaugerät / CH-Norm
Nutzinhalt: 241 Liter
Türbandung links, wechselbar
Anschluss: 230V",Mixed,55.0,54.0,"126,4",,,mixed,,2023-02-28,140.0,,,1970-01-01,140.0,1970-01-01 00:00:00.000,0.0,1.0,45.0,"Brügg, 2555",,useagain,92076,CH,de,_dsc0053_570x570.jpg,https://www.useagain.ch/de/kuehlschrank-1-tuerig-92076,H03.05,refrigerator,,,,"{'score': 5.357304416975239e-06, 'start': 93, 'end': 134, 'answer': ' CH-Norm\nNutzinhalt: 241 Liter\nTürbandung'}","{'score': 0.4236674904823303, 'start': 113, 'end': 123, 'answer': ' 241 Liter'}","{'score': 0.9657126069068909, 'start': 113, 'end': 123, 'answer': ' 241 Liter'}",Air-cooled steel slag,Refrigerators,Pr_40_70_26_72,Other,Other,Space heating and cooling products
2970,4168,4168,Kühlschrank,"used, cleaned & tested",['H03.05'],"Catering kitchens: control fittings, appliances",,Ausbau,Küchen & Gastronomie,Apparate & Geräte,"Einbaukühlschrank
Hersteller: V-ZUG
Modell: Perfect 51054
Jahrgang: 2015
Bauform: Einbau / CH Norm
Nutzinhalt: 241 l
Türfront: Möbeltür, wechselbar
Türanschlag: links, wechselbar
Displayanzeige
Anschluss: 230V

Bedienungsanleitung nur als Pdf",Mixed,57.0,54.0,127,,,white,,2022-11-01,300.0,,,1970-01-01,300.0,1970-01-01 00:00:00.002,0.0,1.0,45.0,"Brügg, 2555",,useagain,91240,CH,de,_dsc9389_570x570.jpg,https://www.useagain.ch/de/kuehlschrank-91240,H03.05,refrigerator,,,,"{'score': 5.100985799799673e-05, 'start': 90, 'end': 98, 'answer': ' CH Norm'}","{'score': 0.3209986090660095, 'start': 110, 'end': 116, 'answer': ' 241 l'}","{'score': 0.9315110445022583, 'start': 110, 'end': 116, 'answer': ' 241 l'}",Lignite,Refrigerators,Pr_40_70_26_72,Other,Other,Space heating and cooling products
2971,4169,4169,Kühlschrank :,"used, cleaned & tested",['H03.05'],"Catering kitchens: control fittings, appliances",,Ausbau,Küchen & Gastronomie,Apparate & Geräte,"Einbaukühlschrank

Hersteller: Electrolux
Modell: IK 285
Jahrgang: 2013
Bauform: Einbau / CH-Norm
Türfront:  graue Dekorfront (Möbeltür), wechselbar
Bandung rechts
Nutzinhalt brutto: 281 Liter
Anschluss: 230V
Bedienungsanleitung als pdf",Mixed,54.0,54.0,152,,,gray,,2023-03-21,200.0,,,1970-01-01,200.0,1970-01-01 00:00:00.000,0.0,1.0,0.0,"Brügg, 2555",,useagain,92261,CH,de,_dsc0367_570x570.jpg,https://www.useagain.ch/de/kuehlschrank-jg-2013-92261,H03.05,refrigerator,,,,"{'score': 4.994027767679654e-05, 'start': 108, 'end': 125, 'answer': ' graue Dekorfront'}","{'score': 0.243220254778862, 'start': 182, 'end': 192, 'answer': ' 281 Liter'}","{'score': 0.9449458718299866, 'start': 182, 'end': 192, 'answer': ' 281 Liter'}",Lignite,Refrigerators,Pr_40_70_26_72,Other,Other,Space heating and cooling products
3081,4282,4282,Kühlschrank,"used, cleaned & tested",['H03.05'],"Catering kitchens: control fittings, appliances",,Ausbau,Küchen & Gastronomie,Apparate & Geräte,"Einbaukühlschrank
Hersteller: Miele
Modell: K 1114
Jahrgang: ca. 1993
Bauform: Einbau/CH Norm
Nutzinhalt: 130l
Farbe: Weiss
Türanschlag: rechts, wechselbar
1 Gefrierfachschubladen
Anschluss: 230V
ohne Bedienungsanleitung",Mixed,57.0,54.0,87,,,white,,2023-03-28,50.0,,,1970-01-01,50.0,1970-01-01 00:00:00.000,0.0,1.0,0.0,"Brügg, 2555",,useagain,92318,CH,de,_dsc0417_570x570.jpg,https://www.useagain.ch/de/kuehlschrank-92318,H03.05,refrigerator,,,,"{'score': 0.2980005145072937, 'start': 117, 'end': 123, 'answer': ' Weiss'}","{'score': 0.25916701555252075, 'start': 105, 'end': 110, 'answer': ' 130l'}","{'score': 0.9785788655281067, 'start': 105, 'end': 110, 'answer': ' 130l'}",Lignite,Refrigerators,Pr_40_70_26_72,Other,Other,Space heating and cooling products
3102,4303,4303,Kühlschrank,"used, cleaned & tested",['H03.05'],"Catering kitchens: control fittings, appliances",,Ausbau,Küchen & Gastronomie,Apparate & Geräte,"Einbaukühlschrank

Hersteller: Miele
Modell: K 5100 EF-7
Jahrgang: 2013
Bauform: Einbaugerät / CH-Norm
Türfront: Weiss
Bandung rechts, wechselbar
Nutzinhalt brutto: 232 Liter
Anschluss: 230V
Bedienungsanleitung als pdf",Mixed,54.0,54.0,126,,,,,2023-04-06,200.0,,,1970-01-01,200.0,1970-01-01 00:00:00.000,0.0,1.0,,"Brügg, 2555",,useagain,92358,CH,de,_dsc0471_570x570.jpg,https://www.useagain.ch/de/kuehlschrank-92358,H03.05,refrigerator,,,,"{'score': 0.022873975336551666, 'start': 112, 'end': 118, 'answer': ' Weiss'}","{'score': 0.21838277578353882, 'start': 164, 'end': 174, 'answer': ' 232 Liter'}","{'score': 0.9488303065299988, 'start': 164, 'end': 174, 'answer': ' 232 Liter'}",Lignite,Refrigerators,Pr_40_70_26_72,Other,Other,Space heating and cooling products
3177,4385,4385,Kühlschrank Electrolux,"used, cleaned & tested",['H03.05'],"Catering kitchens: control fittings, appliances",,Ausbau,Küchen & Gastronomie,Apparate & Geräte,"Baujahr: 2010
Energieeffizienz: A+
Garantie: 6 Monate Garantie
Hersteller: Electrolux
Montage: Einbau
Spannung: 230V
Zustand: occasion/gebraucht
Modell: IK 263 Quat.11
Nutzinhalt: 256l

Artikelnr: 112150",,56.0,54.0,152,,,,B,2023-04-21,499.0,,,1970-01-01,499.0,1970-01-01 00:00:00.000,0.0,1.0,15.0,"Münchenstein, 4142",,useagain,92406,CH,de,112150_570x570.jpg,https://www.useagain.ch/de/kuehlschrank-electrolux-92406,H03.05,refrigerator,,,,"{'score': 0.0006117765442468226, 'start': 152, 'end': 167, 'answer': ' IK 263 Quat.11'}","{'score': 0.16477568447589874, 'start': 179, 'end': 184, 'answer': ' 256l'}","{'score': 0.16227655112743378, 'start': 179, 'end': 184, 'answer': ' 256l'}",Thermoplastic elastomer resin,Refrigerators,Pr_40_70_26_72,Other,Other,Space heating and cooling products
3224,4433,4433,Kühlschrank Prestige,"used, cleaned & tested",['H03.05'],"Catering kitchens: control fittings, appliances",,Ausbau,Küchen & Gastronomie,Apparate & Geräte,"Einbaukühlschrank
Hersteller: V-ZUG
Modell: EK 1422BF-EA  / Prestige 51043
Energieklasse: A++ (F)
Erste Inbetriebnahme: 2018
Bauform: Einbau / CH-Norm 
Türbandung links, wechselbar
Anschluss: 230V 
Leichte Kratzspuren an der Türfront
Bedienungsanleitung als pdf.",Mixed,52.0,55.0,177,,,black,,2023-04-06,450.0,,,1970-01-01,450.0,1970-01-01 00:00:00.000,0.0,1.0,21.0,"Brügg, 2555",,useagain,92359,CH,de,_dsc0475_570x570.jpg,https://www.useagain.ch/de/kuehlschrank-prestige-92359,H03.05,refrigerator,,,,"{'score': 1.4809761523792986e-05, 'start': 197, 'end': 233, 'answer': '\nLeichte Kratzspuren an der Türfront'}","{'score': 3.320397445349954e-05, 'start': 151, 'end': 162, 'answer': '\nTürbandung'}","{'score': 1.8947252101497725e-05, 'start': 43, 'end': 74, 'answer': ' EK 1422BF-EA  / Prestige 51043'}",Silt,Refrigerators,Pr_40_70_26_72,Other,Other,Space heating and cooling products
3230,4439,4439,Kühlschrank,"used, cleaned & tested",['H03.05'],"Catering kitchens: control fittings, appliances",,Ausbau,Küchen & Gastronomie,Apparate & Geräte,"Einbaukühlschrank
Hersteller: Liebherr
Modell: EKc2514
Jahrgang: 2015
Bauform: Einbaugerät / CH-Norm
Türfront: Weiss
Türbandung links, wechselbar
Nutzinhalt brutto: 225 Liter
Anschluss: 230V
Bedienungsanleitung als pdf",Mixed,55.0,54.0,127,,,white,,2023-04-06,280.0,,,1970-01-01,280.0,1970-01-01 00:00:00.000,0.0,1.0,21.0,"Brügg, 2555",,useagain,92362,CH,de,_dsc0484_570x570.jpg,https://www.useagain.ch/de/kuehlschrank-92362,H03.05,refrigerator,,,,"{'score': 0.0076033188961446285, 'start': 110, 'end': 116, 'answer': ' Weiss'}","{'score': 0.34469839930534363, 'start': 164, 'end': 174, 'answer': ' 225 Liter'}","{'score': 0.9491902589797974, 'start': 164, 'end': 174, 'answer': ' 225 Liter'}",Lignite,Refrigerators,Pr_40_70_26_72,Other,Other,Space heating and cooling products
3238,4448,4448,Kühlschrank,"used, cleaned & tested",['H03.05'],"Catering kitchens: control fittings, appliances",,Ausbau,Küchen & Gastronomie,Apparate & Geräte,"Einbaukühlschrank

Hersteller: Miele
Modell: K 34542-55 EF
Jahrgang: 2015
Bauform: Einbaugerät / CH-Norm
Türfront: Weiss
Energieklasse: F
Bandung rechts, wechselbar
Nutzinhalt brutto: 225 Liter
Anschluss: 230V
Bedienungsanleitung als pdf",Mixed,56.0,54.0,126,,,white,,2023-04-27,250.0,,,1970-01-01,250.0,1970-01-01 00:00:00.002,0.0,1.0,9.0,"Brügg, 2555",,useagain,92433,CH,de,_dsc0549_570x570.jpg,https://www.useagain.ch/de/kuehlschrank-92433,H03.05,refrigerator,,,,"{'score': 0.005702620837837458, 'start': 114, 'end': 120, 'answer': ' Weiss'}","{'score': 0.11007516831159592, 'start': 183, 'end': 193, 'answer': ' 225 Liter'}","{'score': 0.9444581866264343, 'start': 183, 'end': 193, 'answer': ' 225 Liter'}",Lignite,Refrigerators,Pr_40_70_26_72,Other,Other,Space heating and cooling products
3264,4474,4474,Kühlschrank Electrolux .,like new,['H03.05'],"Catering kitchens: control fittings, appliances",,Ausbau,Küchen & Gastronomie,Apparate & Geräte,"Einbaukühlschrank
Hersteller: Electrolux
Modell: IK10SHR
Produktionsjahr: 2021
Bauform: Einbaugerät / CH-Norm
Tür: Möbeltür (grau), Dekorfront wechselbar
Türbandung links (vermutlich wechselbar)
Nutzinhalt: 197/17 Liter
Anschluss: 230V
Bedienungsanleitung nur als pdf
Zustand: neuwertig",Mixed,57.0,54.0,"126,7",,,,,2023-04-28,500.0,,,1970-01-01,500.0,1970-01-01 00:00:00.000,0.0,1.0,9.0,"Brügg, 2555",,useagain,92451,CH,de,1_%28386%29_570x570.jpg,https://www.useagain.ch/de/kuehlschrank-electrolux-jg.-2021-92451,H03.05,refrigerator,,,,"{'score': 0.1426970213651657, 'start': 48, 'end': 56, 'answer': ' IK10SHR'}","{'score': 0.5023047924041748, 'start': 206, 'end': 219, 'answer': ' 197/17 Liter'}","{'score': 0.9451723098754883, 'start': 206, 'end': 219, 'answer': ' 197/17 Liter'}",Thermoplastic elastomer resin,Refrigerators,Pr_40_70_26_72,Other,Other,Space heating and cooling products
3265,4475,4475,Kühlschrank,"used, cleaned & tested",['H03.05'],"Catering kitchens: control fittings, appliances",,Ausbau,Küchen & Gastronomie,Apparate & Geräte,"Einbaukühlschrank
Hersteller: Fust / Electrolux
Modell: EKI1710 LI
Produktionsjahr: 2017
Bauform: Einbaugerät / CH-Norm
Türfront: Möbeltür, Dekorfront (weiss), wechselbar
Bandung: links, wechselbar
Nutzinhalt: 197/17 Liter
Anschluss: 230V
Bedienungsanleitung nur als pdf",Mixed,57.0,54.0,"126,5",,,,,2023-04-29,290.0,,,1970-01-01,290.0,1970-01-01 00:00:00.002,0.0,1.0,9.0,"Brügg, 2555",,useagain,92452,CH,de,1_%28387%29_570x570.jpg,https://www.useagain.ch/de/kuehlschrank-92452,H03.05,refrigerator,,,,"{'score': 0.0003538450109772384, 'start': 150, 'end': 159, 'answer': ' (weiss),'}","{'score': 0.7512494921684265, 'start': 209, 'end': 222, 'answer': ' 197/17 Liter'}","{'score': 0.9645273685455322, 'start': 209, 'end': 222, 'answer': ' 197/17 Liter'}",Lignite,Refrigerators,Pr_40_70_26_72,Other,Other,Space heating and cooling products
3286,4497,4497,Kühlschrank,"used, cleaned & tested",['H03.05'],"Catering kitchens: control fittings, appliances",,Ausbau,Küchen & Gastronomie,Apparate & Geräte,"Einbaukühlschrank
Hersteller: Electrolux
Modell: IK275
Jahrgang: 2010
Bauform: Einbau / CH-Norm
Nutzinhalt: 252 liter
2-Türig
Türbandung: rechts, wechselbar
Türfront: ohne Möbeltür (kleinen Riss)
mit LED-Beleuchtung
Anschluss: 230V
Bedienungsanleitung als pdf",Mixed,51.0,55.0,"152,3",,,black,,2023-05-04,150.0,,,1970-01-01,150.0,1970-01-01 00:00:00.002,0.0,1.0,0.0,"Brügg, 2555",,useagain,92481,CH,de,screenshot2023-05-04091027_570x570.png,https://www.useagain.ch/de/kuehlschrank-92481,H03.05,refrigerator,,,,"{'score': 1.1164904208271764e-05, 'start': 87, 'end': 95, 'answer': ' CH-Norm'}","{'score': 0.37230637669563293, 'start': 107, 'end': 117, 'answer': ' 252 liter'}","{'score': 0.9353131055831909, 'start': 107, 'end': 117, 'answer': ' 252 liter'}",Lignite,Refrigerators,Pr_40_70_26_72,Other,Other,Space heating and cooling products
3287,4498,4498,Kühlschrank Electrolux,"used, cleaned & tested",['H03.05'],"Catering kitchens: control fittings, appliances",,Ausbau,Küchen & Gastronomie,Apparate & Geräte,"Modell: EK 134 10 LI BR
Nutzinhalt: 125l
Baujahr: 2009
Montage: teilintegriert
Spannung: 230V
Garantie: 6 Monate
Einbaunorm: CH55
Zustand: occasion/gebraucht

Artikelnummer: 112191",Mixed,56.0,55.0,76,,,,,2023-05-03,89.0,,,1970-01-01,89.0,1970-01-01 00:00:00.000,0.0,1.0,0.0,"Münchenstein, 4142",,useagain,92475,CH,de,112191_570x570.jpg,https://www.useagain.ch/de/kuehlschrank-electrolux-92475,H03.05,refrigerator,,,,"{'score': 0.2783088684082031, 'start': 7, 'end': 23, 'answer': ' EK 134 10 LI BR'}","{'score': 0.026366885751485825, 'start': 35, 'end': 40, 'answer': ' 125l'}","{'score': 0.8656755685806274, 'start': 35, 'end': 40, 'answer': ' 125l'}",Thermoplastic elastomer resin,Refrigerators,Pr_40_70_26_72,Other,Other,Space heating and cooling products
3288,4499,4499,Kühlschrank V-Zug,"used, cleaned & tested",['H03.05'],"Catering kitchens: control fittings, appliances",,Ausbau,Küchen & Gastronomie,Apparate & Geräte,"Modell: Prestige i
Baujahr: 2003
Nutzinhalt: 142l
Montage: Einbau
Einbaunorm: CH 55
Spannung: 230V
Garantie: 6 Monate

Artikelnummer: 112190",Mixed,55.0,54.0,"177,5",,,white,,2023-05-03,189.0,,,1970-01-01,189.0,1970-01-01 00:00:00.000,0.0,1.0,0.0,"Münchenstein, 4142",,useagain,92472,CH,de,112190_570x570.jpg,https://www.useagain.ch/de/kuehlschrank-v-zug-92472,H03.05,refrigerator,,,,"{'score': 7.728709897492081e-05, 'start': 7, 'end': 18, 'answer': ' Prestige i'}","{'score': 0.6350641250610352, 'start': 44, 'end': 49, 'answer': ' 142l'}","{'score': 0.944113552570343, 'start': 44, 'end': 49, 'answer': ' 142l'}",Lignite,Refrigerators,Pr_40_70_26_72,Other,Other,Space heating and cooling products
3289,4500,4500,Kühlschrank,"used, cleaned & tested",['H03.05'],"Catering kitchens: control fittings, appliances",,Ausbau,Küchen & Gastronomie,Apparate & Geräte,"Modell: AIK 2223R
Nutzinhalt: 202l
Baujahr: 2017
Montage: Einbau
Einbaunorm: EU60
Spannung: 230V
Zustand: occasion/gebraucht
Garantie: 6 Monate

Artikelnummer: 112188",Mixed,55.0,56.0,122,,,white,B,2023-05-03,159.0,,,1970-01-01,159.0,1970-01-01 00:00:00.000,0.0,1.0,0.0,"Münchenstein, 4142",,useagain,92471,CH,de,112188_570x570.jpg,https://www.useagain.ch/de/kuehlschrank-aeg-92471,H03.05,refrigerator,,,,"{'score': 7.975608241395094e-06, 'start': 7, 'end': 17, 'answer': ' AIK 2223R'}","{'score': 0.0777478814125061, 'start': 29, 'end': 34, 'answer': ' 202l'}","{'score': 0.9038570523262024, 'start': 29, 'end': 34, 'answer': ' 202l'}",Lignite,Refrigerators,Pr_40_70_26_72,Other,Other,Space heating and cooling products
3290,4501,4501,Kühlschrank,"used, cleaned & tested",['H03.05'],"Catering kitchens: control fittings, appliances",,Ausbau,Küchen & Gastronomie,Apparate & Geräte,"Einbaukühlschrank
Hersteller: Electrolux
Modell: EK242SLWE
Jahrgang: 2018
Bauform: Einbaugerät / CH-Norm
Türfront: weiss
Energieklasse: A++
Bandung: links, wechselbar
Nutzinhalt: 218 Liter
Anschluss: 230V
Neuer Griff für Gefrierfach liegt bei
Bedienungsanleitung nur als pdf",Mixed,57.0,54.0,127,,,white,,2023-05-03,280.0,,,1970-01-01,280.0,1970-01-01 00:00:00.000,0.0,1.0,6.0,"Brügg, 2555",,useagain,92470,CH,de,_dsc0567_570x570.jpg,https://www.useagain.ch/de/kuehlschrank-92470,H03.05,refrigerator,,,,"{'score': 0.001482019666582346, 'start': 114, 'end': 120, 'answer': ' weiss'}","{'score': 0.7620238065719604, 'start': 178, 'end': 188, 'answer': ' 218 Liter'}","{'score': 0.9710866212844849, 'start': 178, 'end': 188, 'answer': ' 218 Liter'}",Lignite,Refrigerators,Pr_40_70_26_72,Other,Other,Space heating and cooling products
3291,4502,4502,Kühlschrank V-Zug,"used, cleaned & tested",['H03.05'],"Catering kitchens: control fittings, appliances",,Ausbau,Küchen & Gastronomie,Apparate & Geräte,"Modell: Magnum 60i Eco
Baujahr: 2015
Einbaunorm: CH 55
Spannung: 230V
Montage: Einbau
Garantie: 6 Monate
Zustand: occasion/gebraucht

Artikelnummer: 112061",Mixed,51.0,55.0,176,,,white,A,2023-05-03,409.0,,,1970-01-01,409.0,1970-01-01 00:00:00.000,0.0,1.0,0.0,"Münchenstein, 4142",,useagain,92468,CH,de,112061_570x570.jpg,https://www.useagain.ch/de/kuehlschrank-v-zug-92468,H03.05,refrigerator,,,,"{'score': 0.0009165909723378718, 'start': 78, 'end': 85, 'answer': ' Einbau'}","{'score': 0.001171551295556128, 'start': 36, 'end': 54, 'answer': '\nEinbaunorm: CH 55'}","{'score': 1.845999031502288e-05, 'start': 148, 'end': 155, 'answer': ' 112061'}",Lignite,Refrigerators,Pr_40_70_26_72,Other,Other,Space heating and cooling products
3294,4505,4505,Kühlschrank -Türig,"used, cleaned & tested",['H03.05'],"Catering kitchens: control fittings, appliances",,Ausbau,Küchen & Gastronomie,Apparate & Geräte,"Einbau
Hersteller: Miele
Modell: K 34542-55 EF
Jahrgang: 2016
Nutzinhalt: 225 Liter
1 Türig
Türbandung: rechts, wechselbar
Türfront: ohne Möbeltür
Anschluss: 230V
Bedienungsanleitung nur als pdf",Mixed,57.0,54.0,126,,,white,,,300.0,,,1970-01-01,300.0,1970-01-01 00:00:00.002,0.0,1.0,0.0,"Brügg, 2555",,useagain,92070,CH,de,_dsc0050_570x570.jpg,https://www.useagain.ch/de/kuehlschrank-1-tuerig-92070,H03.05,refrigerator,,,,"{'score': 2.252424337712e-06, 'start': 0, 'end': 6, 'answer': 'Einbau'}","{'score': 0.027917340397834778, 'start': 73, 'end': 83, 'answer': ' 225 Liter'}","{'score': 0.8605191111564636, 'start': 73, 'end': 83, 'answer': ' 225 Liter'}",Lignite,Refrigerators,Pr_40_70_26_72,Other,Other,Space heating and cooling products
3303,4514,4514,Kühlschrank Novomatic,"used, cleaned & tested",['H03.05'],"Catering kitchens: control fittings, appliances",,Ausbau,Küchen & Gastronomie,Apparate & Geräte,"Modell: EKI2412N
Nutzinhalt: 281 L
Montage: Einbau
Spannung: 230V
Garantie 6 Monate
Einbaunorm: CH55

Artikelnummer: 112194",,55.0,55.0,152,,,,,2023-05-09,169.0,,,1970-01-01,169.0,1970-01-01 00:00:00.000,0.0,1.0,6.0,"Münchenstein, 4142",,useagain,92505,CH,de,112194_570x570.jpg,https://www.useagain.ch/de/kuehlschrank-novomatic-92505,H03.05,refrigerator,,,,"{'score': 1.6958600099314936e-05, 'start': 7, 'end': 50, 'answer': ' EKI2412N\nNutzinhalt: 281 L\nMontage: Einbau'}","{'score': 0.018051378428936005, 'start': 28, 'end': 50, 'answer': ' 281 L\nMontage: Einbau'}","{'score': 0.7704650163650513, 'start': 28, 'end': 34, 'answer': ' 281 L'}",Air-cooled steel slag,Refrigerators,Pr_40_70_26_72,Other,Other,Space heating and cooling products
3331,4544,4544,Tiefkühler,"gebraucht, gereinigt & geprüft",['H03.05'],,,Ausbau,Küchen & Gastronomie,Apparate & Geräte,"Modell: Arctis No Frost
Typ: TT 100 FF
Mängel: Gebrauchsspuren
Montage: Montage: freistehend
Nutzinhalt: 86L
Spannung: 230V
Garantie: 6 Monate

Artikelnummer: 113503",Mixed,64.0,60.0,85,,,weiss,C,2023-05-12,109.0,,,1970-01-01,109.0,1970-01-01 00:00:00.000,0.0,1.0,0.0,"Münchenstein, 4142",,,92530,,,113503_570x570.jpg,https://www.useagain.ch/de/tiefkuehler-aeg-92530,,,,,,"{'score': 5.7896992075257e-05, 'start': 14, 'end': 23, 'answer': ' No Frost'}","{'score': 0.021931637078523636, 'start': 104, 'end': 108, 'answer': ' 86L'}","{'score': 0.8591811656951904, 'start': 104, 'end': 108, 'answer': ' 86L'}",Air-cooled steel slag,Refrigerators,Pr_40_70_26_72,"Wall, Barriers, Pannels","Stairs, Ramps, Lift, Hardware",Space heating and cooling products
3333,4546,4546,Kühlschrank,"gebraucht, gereinigt & geprüft",['H03.05'],,,Ausbau,Küchen & Gastronomie,Apparate & Geräte,"Einbaukühlschrank
Hersteller: Miele
Modell: K 5070 EF-7
Jahrgang: 2014
Farbe: Weiss
Energieklasse: A++
Bauform: CH-Norm
Nutzinhalt: 151 Liter
Türbandung: rechts
Anschluss: 230V",Mixed,56.0,54.0,86,,,,,2023-03-30,180.0,,,1970-01-01,180.0,1970-01-01 00:00:00.000,0.0,1.0,0.0,"Brügg, 2555",,,92323,,,_dsc0440_570x570.jpg,https://www.useagain.ch/de/kuehlschrank-92323,,,,,,"{'score': 0.5696365237236023, 'start': 77, 'end': 83, 'answer': ' Weiss'}","{'score': 0.1163366511464119, 'start': 131, 'end': 141, 'answer': ' 151 Liter'}","{'score': 0.9696968793869019, 'start': 131, 'end': 141, 'answer': ' 151 Liter'}",Lignite,Refrigerators,Pr_40_70_26_72,Other,Other,Space heating and cooling products
3421,4650,4651,Kühlschrank,"gebraucht, gereinigt & geprüft",['H03.05'],,,Ausbau,Küchen & Gastronomie,Apparate & Geräte,"Einbaukühlschrank

Hersteller: V-ZUG
Modell: EK1422BF / Prestige 924
1. Inbetriebnahme: 2011
Bauform: Einbaugerät / CH-Norm
Türfront: Schwarz
Bandung links, wechselbar
Nutzinhalt: 303 Liter
Enthält leichte Kratzspuren an der Türfront
Anschluss: 230V
Bedienungsanleitung als pdf",Mixed,52.0,55.0,178,,,schwarz,,2023-06-12,190.0,,,1970-01-01,190.0,1970-01-01 00:00:00.000,,0.0,4.0,"Brügg, 2555",,,92698,,,_dsc0848_570x570.jpg,https://www.useagain.ch/de/kuehlschrank-92698,,,,,,"{'score': 0.0779556930065155, 'start': 133, 'end': 141, 'answer': ' Schwarz'}","{'score': 0.12417788058519363, 'start': 179, 'end': 189, 'answer': ' 303 Liter'}","{'score': 0.9496961236000061, 'start': 179, 'end': 189, 'answer': ' 303 Liter'}",Lignite,Refrigerators,Pr_40_70_26_72,Other,Other,Space heating and cooling products
3427,4656,4657,Kühlschrank Liebherr SKBes,"gebraucht, gereinigt & geprüft",['H03.05'],,,Ausbau,Küchen & Gastronomie,Apparate & Geräte,"Produkte-Nr.3027

Jahrgang: 2010",,60.0,61.0,183,,,,,2023-06-05,320.0,,,1970-01-01,320.0,1970-01-01 00:00:00.000,,0.0,4.0,"Zürich, 8050",,,92669,,,3027-2_570x570.jpg,https://www.useagain.ch/de/kuehlschrank-liebherr-skbes-4211-92669,,,,,,"{'score': 0.08124473690986633, 'start': 0, 'end': 16, 'answer': 'Produkte-Nr.3027'}","{'score': 0.0004410312685649842, 'start': 0, 'end': 16, 'answer': 'Produkte-Nr.3027'}","{'score': 0.19122280180454254, 'start': 0, 'end': 16, 'answer': 'Produkte-Nr.3027'}",Air-cooled steel slag,Refrigerators,Pr_40_70_26_72,Other,Other,Space heating and cooling products
3431,4660,4661,Kühlschrank,"gebraucht, gereinigt & geprüft",['H03.05'],,,Ausbau,Küchen & Gastronomie,Apparate & Geräte,"Hersteller: Fust Novamatic
Modell: KS041
Jahrgang: 2020
Bauform: Freistehend
Nutzinhalt: 34 liter
1-Türig
Türbandung: rechts, wechselbar
Anschluss: 230V
Bedienungsanleitung dabei",Mixed,47.0,43.0,51,,,weiss,,2023-06-01,90.0,,,1970-01-01,90.0,1970-01-01 00:00:00.000,,0.0,4.0,"Brügg, 2555",,,92656,,,_dsc0801_570x570.jpg,https://www.useagain.ch/de/kuehlschrank-92656,,,,,,"{'score': 9.059814374268171e-07, 'start': 97, 'end': 105, 'answer': '\n1-Türig'}","{'score': 0.002625160152092576, 'start': 88, 'end': 97, 'answer': ' 34 liter'}","{'score': 0.8917860984802246, 'start': 88, 'end': 97, 'answer': ' 34 liter'}",Lignite,Refrigerators,Pr_40_70_26_72,Other,Other,Space heating and cooling products
3436,4665,4666,Kühlschrank,"gebraucht, gereinigt & geprüft",['H03.05'],,,Ausbau,Küchen & Gastronomie,Apparate & Geräte,"Einbaukühlschrank
Hersteller: Electrolux
Modell: EK10 7000WL
Jahrgang: 2020
Bauform: Einbaugerät / CH-Norm
Tür: ohne Möbeltür
Türbandung links
Nutzinhalt: 218 Liter
Anschluss: 230V
Bedienungsanleitung als pdf",Mixed,57.0,54.0,127,,,weiss,,2023-05-30,480.0,,,1970-01-01,420.0,2023-09-25 00:00:00.000,0.0,0.0,4.0,"Brügg, 2555",,,92643,,,_dsc0742_570x570.jpg,https://www.useagain.ch/de/kuehlschrank-92643,,,,,,"{'score': 1.4062517038837541e-05, 'start': 111, 'end': 136, 'answer': ' ohne Möbeltür\nTürbandung'}","{'score': 0.19002971053123474, 'start': 154, 'end': 164, 'answer': ' 218 Liter'}","{'score': 0.9746720194816589, 'start': 154, 'end': 164, 'answer': ' 218 Liter'}",Lignite,Refrigerators,Pr_40_70_26_72,Other,Other,Space heating and cooling products
3447,4676,4677,Kühlschrank Bauknecht,"gebraucht, gereinigt & geprüft",['H03.05'],,,Ausbau,Küchen & Gastronomie,Apparate & Geräte,"Produkte-Nr. 3005

Jahrgang 2012",,51.0,54.0,"176,5",,,weiss,,2023-05-15,150.0,,,1970-01-01,150.0,1970-01-01 00:00:00.000,,0.0,4.0,"Zürich, 8050",,,92544,,,3005-2_570x570.jpg,https://www.useagain.ch/de/kuehlschrank-bauknecht-92544,,,,,,"{'score': 0.00062100391369313, 'start': 0, 'end': 17, 'answer': 'Produkte-Nr. 3005'}","{'score': 4.6921060857130215e-05, 'start': 12, 'end': 17, 'answer': ' 3005'}","{'score': 0.13964074850082397, 'start': 12, 'end': 17, 'answer': ' 3005'}",Lignite,Refrigerators,Pr_40_70_26_72,"Roof, Slabs, Stairs","Blocks, Panels, Fences, Bricks",Space heating and cooling products
3649,4899,4900,Kühlschrank Electrolux,"used, cleaned & tested",['H03.05'],"Catering kitchens: control fittings, appliances",Mobilier,Ausbau,Küchen & Gastronomie,Apparate & Geräte,"Produkte-Nr. 3070

Jahrgang: 2013",,55.0,55.0,74,,,white,,2023-07-06,,,,,,,,0.0,,"Zürich, 8050",,useagain,92877,CH,de,3070-2_570x570.jpg,https://www.useagain.ch/de/kuehlschrank-electrolux-ek-110-11-re-we-92877,H03.05,refrigerator,80.0,,,"{'score': 0.002234690124168992, 'start': 0, 'end': 17, 'answer': 'Produkte-Nr. 3070'}","{'score': 0.0002514095976948738, 'start': 12, 'end': 17, 'answer': ' 3070'}","{'score': 0.3428483307361603, 'start': 12, 'end': 17, 'answer': ' 3070'}",Thermoplastic elastomer resin,Refrigerators,Pr_40_70_26_72,Other,Other,Space heating and cooling products
3670,4920,4921,Kühlschrank V-Zug,"used, cleaned & tested",['H03.05'],"Catering kitchens: control fittings, appliances",Mobilier,Ausbau,Küchen & Gastronomie,Apparate & Geräte,"Modell: EK1222
Nutzinhalt: 252 L
Montage: Einbau
Spannung: 230V
Garantie 6 Monate
Einbaunorm: CH55

Interne Artikelnummer: 113013",,49.0,55.0,152,,,,,2023-06-20,,,,,,,,0.0,,"Münchenstein, 4142",,useagain,92750,CH,de,113013_570x570.jpg,https://www.useagain.ch/de/kuehlschrank-v-zug-92750,H03.05,refrigerator,329.0,,,"{'score': 0.007081401534378529, 'start': 41, 'end': 48, 'answer': ' Einbau'}","{'score': 0.016532188281416893, 'start': 26, 'end': 48, 'answer': ' 252 L\nMontage: Einbau'}","{'score': 0.6841518878936768, 'start': 26, 'end': 32, 'answer': ' 252 L'}",Lignite,Refrigerators,Pr_40_70_26_72,Other,Other,Space heating and cooling products
3671,4921,4922,Kühlschrank Electrolux,"used, cleaned & tested",['H03.05'],"Catering kitchens: control fittings, appliances",Mobilier,Ausbau,Küchen & Gastronomie,Apparate & Geräte,"Modell: EK 134 SRWE
Nutzinhalt: 111 L
Montage: Einbau
Spannung: 230V
Garantie 6 Monate
Einbaunorm: CH55

Interne Artikelnummer: 113515",,53.0,55.0,74,,,,F,2023-06-20,,,,,659.0,1970-01-01 00:00:00.002,,0.0,,"Münchenstein, 4142",,useagain,92749,CH,de,113515_570x570.jpg,https://www.useagain.ch/de/kuehlschrank-electrolux-92749,H03.05,refrigerator,659.0,,,"{'score': 0.03031100146472454, 'start': 7, 'end': 19, 'answer': ' EK 134 SRWE'}","{'score': 0.01920178160071373, 'start': 31, 'end': 53, 'answer': ' 111 L\nMontage: Einbau'}","{'score': 0.8033884167671204, 'start': 31, 'end': 37, 'answer': ' 111 L'}",Thermoplastic elastomer resin,Refrigerators,Pr_40_70_26_72,Other,Other,Space heating and cooling products
3698,4948,4949,Kühlschrank Bauknecht,"used, cleaned & tested",['H03.05'],"Catering kitchens: control fittings, appliances",Mobilier,Ausbau,Küchen & Gastronomie,Apparate & Geräte,"Produkte-Nr. 3005

Jahrgang 2012",,51.0,54.0,"176,5",,,white,,2023-05-15,,,,,,,,0.0,,"Zürich, 8050",,useagain,92544,CH,de,3005-2_570x570.jpg,https://www.useagain.ch/de/kuehlschrank-bauknecht-92544,H03.05,refrigerator,150.0,,,"{'score': 0.00062100391369313, 'start': 0, 'end': 17, 'answer': 'Produkte-Nr. 3005'}","{'score': 4.6921060857130215e-05, 'start': 12, 'end': 17, 'answer': ' 3005'}","{'score': 0.13964074850082397, 'start': 12, 'end': 17, 'answer': ' 3005'}",Lignite,Refrigerators,Pr_40_70_26_72,"Roof, Slabs, Stairs","Blocks, Panels, Fences, Bricks",Space heating and cooling products
3850,5245,5246,Kühlschrank,used & cleaned,['H03.05'],"Catering kitchens: control fittings, appliances",Mobilier,Ausbau,Küchen & Gastronomie,Apparate & Geräte,"-Aufgrund einer Totalsanierung der Liegenschaft werden diverse Kühlschränke (verschiedene Marken) und weitere Küchengeräte nicht mehr benötigt 
-Diese sind in einem guten Zustand
-Die Kühlschränke müssen selbständig demontiert und in Wil (SG) abgeholt werden 
-Abholung nach Rücksprache: E-Mail: Immo1234@bluewin.ch",,,,,,,,,,,,,,50.0,1970-01-01 00:00:00.002,,0.0,,"Wil , 9500",,useagain,92972,CH,de,khlschrank_%281%29_570x570.jpg,https://www.useagain.ch/de/kuehlschrank-92972,H03.05,refrigerator,50.0,,,"{'score': 2.4347947658043267e-08, 'start': 259, 'end': 315, 'answer': '\n-Abholung nach Rücksprache: E-Mail: Immo1234@bluewin.ch'}","{'score': 9.04402668311377e-08, 'start': 259, 'end': 287, 'answer': '\n-Abholung nach Rücksprache:'}","{'score': 3.219120799258235e-06, 'start': 75, 'end': 97, 'answer': ' (verschiedene Marken)'}",Lignite,Refrigerators,Pr_40_70_26_72,Other,Other,Space heating and cooling products
3862,5257,5258,Kühlschrank Bauknecht,"used, cleaned & tested",['H03.05'],"Catering kitchens: control fittings, appliances",Mobilier,Ausbau,Küchen & Gastronomie,Apparate & Geräte,"Hersteller: Bauknecht
Modell: KVIE 2595
Baujahr: 2012
Energieklasse: A++
Bauform: Einbaugerät / CH-Norm / integriert
Türbandung rechts
Türfront: Möbeltür, wechselbar
Anschluss: 230V
Mängel: Möbeltür mit kleinen Schrammen, Gemüsebehälter mit kleinem Riss.

Transporthinweis:
Wenn Sie Ihren Kühlschrank liegend transportieren, sollten Sie mindestens zwölf Stunden warten, bevor Sie ihn wieder in Betrieb nehmen. Bei älteren Kühlschränken werden sogar 24 Stunden empfohlen. Bei stehendem Transport reichen 2 Stunden Ruhezeit aus. So kann die Kühlflüssigkeit in den dafür vorgesehenen Behälter zurücklaufen.",gemischt,57.0,55.0,127,,,,,2023-07-11,,,,,120.0,1970-01-01 00:00:00.002,,0.0,,"Brügg, 2555",,useagain,92905,CH,de,1_%28471%29_570x570.jpg,https://www.useagain.ch/de/kuehlschrank-bauknecht-kvie-2595-92905,H03.05,refrigerator,120.0,,,"{'score': 4.061299023305764e-06, 'start': 300, 'end': 308, 'answer': ' liegend'}","{'score': 0.00037595489993691444, 'start': 300, 'end': 308, 'answer': ' liegend'}","{'score': 3.345326331327669e-05, 'start': 221, 'end': 236, 'answer': ' Gemüsebehälter'}",Lignite,Refrigerators,Pr_40_70_26_72,"Roof, Slabs, Stairs","Blocks, Panels, Fences, Bricks",Space heating and cooling products
3904,5308,5309,Kühlschrank `` Sibir '',used & cleaned,['H03.05'],"Catering kitchens: control fittings, appliances",Mobilier,Ausbau,Küchen & Gastronomie,Apparate & Geräte,"Der Kühlschrank von der Marke ""Sibir"" ist gebraucht, aber in sehr gutem Zustand. Funktioniert einwandfrei. Leichte Gebrauchsspuren innen und aussen (u.a. Gemüseschublade hat kleine Risse). Muss abgeholt werden.",gemischt,50.0,60.0,85,85,10,white,A,,,,,,100.0,2023-09-25 00:00:00.000,,0.0,,"Frutigen, 3714",,useagain,92925,CH,de,ks_vorne_570x570.jpg,https://www.useagain.ch/de/kuehlschrank-sibir-92925,H03.05,refrigerator,200.0,,,"{'score': 1.2474918548832648e-05, 'start': 29, 'end': 37, 'answer': ' ""Sibir""'}","{'score': 1.7199168951265165e-06, 'start': 3, 'end': 15, 'answer': ' Kühlschrank'}","{'score': 7.0866076384845655e-06, 'start': 3, 'end': 15, 'answer': ' Kühlschrank'}",Condensed silica fume,Refrigerators,Pr_40_70_26_72,Other,Other,Space heating and cooling products
3907,5311,5312,Kühlschrank V-Zug De Luxe,"used, cleaned & tested",['H03.05'],"Catering kitchens: control fittings, appliances",Mobilier,Ausbau,Küchen & Gastronomie,Apparate & Geräte,"Produkte-Nr. 3076

Jahrgang: 2020",,55.0,55.0,151,,,white,,2023-07-12,,,,,550.0,2023-09-25 00:00:00.000,,0.0,,"Zürich, 8050",,useagain,92911,CH,de,3076-2_570x570.jpg,https://www.useagain.ch/de/kuehlschrank-v-zug-de-luxe-92911,H03.05,refrigerator,550.0,,,"{'score': 0.022430934011936188, 'start': 0, 'end': 17, 'answer': 'Produkte-Nr. 3076'}","{'score': 0.00016039697220548987, 'start': 0, 'end': 17, 'answer': 'Produkte-Nr. 3076'}","{'score': 0.22313979268074036, 'start': 12, 'end': 17, 'answer': ' 3076'}",Lignite,Refrigerators,Pr_40_70_26_72,Other,Other,Space heating and cooling products
4031,5435,5436,Kühlschrank Electrolux,"used, cleaned & tested",['H03.05'],"Catering kitchens: control fittings, appliances",Mobilier,Ausbau,Küchen & Gastronomie,Apparate & Geräte,"Hersteller: Electrolux (Service 7000)
Modell: IK107000R
Produktionsjahr: 2021
Bauform: Einbaugerät / CH-Norm / Vollintegriert
Tür: Bandung rechts / mit grauer Möbeltür, wechselbar
Nutzinhalt: 197/17 Liter
Anschluss: 230V
Bedienungsanleitung nur als PDF
Besonderes: OHNE FLASCHENHALTER!",gemischt,57.0,54.0,"126,7",,,,,2023-09-14,,,,,450.0,2023-09-25 00:00:00.000,,0.0,,"Brügg, 2555",,useagain,93361,CH,de,1_%28524%29_570x570.jpg,https://www.useagain.ch/de/kuehlschrank-electrolux-ik107000r-jg-2021-93361,H03.05,refrigerator,450.0,,,"{'score': 0.0002102707658195868, 'start': 45, 'end': 55, 'answer': ' IK107000R'}","{'score': 0.00041107958531938493, 'start': 191, 'end': 204, 'answer': ' 197/17 Liter'}","{'score': 0.354508638381958, 'start': 191, 'end': 204, 'answer': ' 197/17 Liter'}",Thermoplastic elastomer resin,Refrigerators,Pr_40_70_26_72,Other,Other,Space heating and cooling products
4043,5447,5448,Kühlschrank Elektrolux,used,['H03.05'],"Catering kitchens: control fittings, appliances",Mobilier,Ausbau,Küchen & Gastronomie,Apparate & Geräte,"Integrierter Kühlschrank der Marke Elektrolux 240lt

Abzuholen in 3148 Lanzenhäusern",,50.0,60.0,140,,,,,,,,,,50.0,2023-09-25 00:00:00.000,,0.0,,"Lazenhäusern, 3148",,useagain,93288,CH,de,img_1785_%281%29_570x570.jpg,https://www.useagain.ch/de/kuehlschrank-elektrolux-93288,H03.05,refrigerator,50.0,,,"{'score': 0.000297411868814379, 'start': 52, 'end': 84, 'answer': '\nAbzuholen in 3148 Lanzenhäusern'}","{'score': 0.07697022706270218, 'start': 45, 'end': 51, 'answer': ' 240lt'}","{'score': 0.9029263854026794, 'start': 45, 'end': 51, 'answer': ' 240lt'}",Thermoplastic elastomer resin,Refrigerators,Pr_40_70_26_72,Other,Other,Space heating and cooling products
4069,5473,5474,Kühlschrank,"used, cleaned & tested",['H03.05'],"Catering kitchens: control fittings, appliances",Mobilier,Ausbau,Küchen & Gastronomie,Apparate & Geräte,"Einbaukühlschrank
Hersteller: Electrolux
Modell: EK10 7000WL
Jahrgang: 2020
Bauform: Einbaugerät / CH-Norm
Türbandung links
Nutzinhalt: 218 Liter
Anschluss: 230V
Bedienungsanleitung als pdf",gemischt,57.0,54.0,127,,,white,,2023-05-30,,,,,420.0,2023-09-25 00:00:00.000,0.0,0.0,,"Brügg, 2555",,useagain,92643,CH,de,_dsc0742_570x570.jpg,https://www.useagain.ch/de/kuehlschrank-92643,H03.05,refrigerator,420.0,,,"{'score': 1.0097531230712775e-05, 'start': 98, 'end': 106, 'answer': ' CH-Norm'}","{'score': 0.1839856654405594, 'start': 135, 'end': 145, 'answer': ' 218 Liter'}","{'score': 0.9719216227531433, 'start': 135, 'end': 145, 'answer': ' 218 Liter'}",Lignite,Refrigerators,Pr_40_70_26_72,Other,Other,Space heating and cooling products
4221,5670,19,Kühlschrank Electrolux,"used, cleaned & tested",['H03.05'],"Catering kitchens: control fittings, appliances",Mobilier,Ausbau,Küchen & Gastronomie,Apparate & Geräte,"Hersteller: Electrolux
Modell: EK 242 11 RE BR
Baujahr: 2011
Energieklasse: A++
Farbe: braun
Bauform: Einbaugerät / CH-Norm
Türbandung links
Nutzinhalt brutto: 241 Liter
Anschluss: 230V",gemischt,57.0,54.0,"126,8",,,,,2023-09-22,,,,,,,,0.0,,"Brügg, 2555",,useagain,93443,CH,de,1_%28536%29_570x570.jpg,https://www.useagain.ch/de/kuehlschrank-electrolux-242-11-re-br-93443,H03.05,refrigerator,150.0,,,"{'score': 0.010756367817521095, 'start': 86, 'end': 92, 'answer': ' braun'}","{'score': 0.06545128673315048, 'start': 159, 'end': 169, 'answer': ' 241 Liter'}","{'score': 0.9263564348220825, 'start': 159, 'end': 169, 'answer': ' 241 Liter'}",Thermoplastic elastomer resin,Refrigerators,Pr_40_70_26_72,Other,Other,Space heating and cooling products
4222,5671,20,Kühlschrank Bauknecht,"used, cleaned & tested",['H03.05'],"Catering kitchens: control fittings, appliances",Mobilier,Ausbau,Küchen & Gastronomie,Apparate & Geräte,"Hersteller: Electrolux
Modell: KVIE 2595
Baujahr: 2011
Energieklasse: A++
Bauform: Einbaugerät / CH-Norm / vollintegriert
Tür / Türfront: Bandung links / mit weisse Möbeltür (wechselbar)
Bruttoinhalt: 225 Liter
Anschluss: 230V",gemischt,55.0,56.0,126,,,white,,2023-09-21,,,,,,,,0.0,,"Brügg, 2555",,useagain,93432,CH,de,img_0904_570x570.jpg,https://www.useagain.ch/de/kuehlschrank-bauknecht-93432,H03.05,refrigerator,160.0,,,"{'score': 9.436560617359646e-07, 'start': 157, 'end': 164, 'answer': ' weisse'}","{'score': 0.13389067351818085, 'start': 200, 'end': 210, 'answer': ' 225 Liter'}","{'score': 0.8781535625457764, 'start': 200, 'end': 210, 'answer': ' 225 Liter'}",Lignite,Refrigerators,Pr_40_70_26_72,"Roof, Slabs, Stairs","Blocks, Panels, Fences, Bricks",Space heating and cooling products
4223,5672,21,Kühlschrank Electrolux .,"used, cleaned & tested",['H03.05'],"Catering kitchens: control fittings, appliances",Mobilier,Ausbau,Küchen & Gastronomie,Apparate & Geräte,"Hersteller: Electrolux
Modell: IK 243.3 LI
Baujahr: 2003
Bauform: Einbaugerät / CH-Norm / vollintegriert
Tür / Türfront: Bandung links / mit grauer Möbeltür (wechselbar)
Bruttoinhalt: 250 Liter
Anschluss: 230V",gemischt,57.0,54.0,127,,,,,2023-09-21,,,,,,,,0.0,,"Brügg, 2555",,useagain,93430,CH,de,1_%28534%29_570x570.jpg,https://www.useagain.ch/de/kuehlschrank-electrolux-243.3-li-93430,H03.05,refrigerator,80.0,,,"{'score': 1.922000592458062e-06, 'start': 89, 'end': 104, 'answer': ' vollintegriert'}","{'score': 0.1790929138660431, 'start': 183, 'end': 193, 'answer': ' 250 Liter'}","{'score': 0.8490228652954102, 'start': 183, 'end': 193, 'answer': ' 250 Liter'}",Thermoplastic elastomer resin,Refrigerators,Pr_40_70_26_72,Other,Other,Space heating and cooling products
4226,5675,24,Kühlschrank V-Zug Perfect Eco,"used, cleaned & tested",['H03.05'],"Catering kitchens: control fittings, appliances",Mobilier,Ausbau,Küchen & Gastronomie,Apparate & Geräte,"Hersteller: V-Zug
Modell: Perfect Eco (51056)
Erste Inbetriebnahme: 14.06.2018
Energieklasse: A+++
Bauform: Einbaugerät / CH-Norm / vollintegriert
Türbandung: rechts, wechselbar
Türfront: Möbeltür (weiss/grau), wechselbar
Nutzinhalt: 202/27 Liter
Bedienung: Digital Anzeige mit TouchControl
Beleuchtung: LED
Anschluss: 230V",gemischt,57.0,54.0,"126,8",,48,,,2023-09-01,,,,,,,,0.0,,"Brügg, 2555",,useagain,93313,CH,de,1_%28515%29_570x570.jpg,https://www.useagain.ch/de/kuehlschrank-v-zug-perfect-eco-2018-93313,H03.05,refrigerator,360.0,,,"{'score': 3.3797557534853695e-06, 'start': 25, 'end': 37, 'answer': ' Perfect Eco'}","{'score': 0.0031923691276460886, 'start': 233, 'end': 246, 'answer': ' 202/27 Liter'}","{'score': 0.8232133388519287, 'start': 233, 'end': 246, 'answer': ' 202/27 Liter'}",Compressed air,Refrigerators,Pr_40_70_26_72,Other,Other,Space heating and cooling products
